"Name"|"Club"|"Position"|"Marktwert"|"Einsaetze"|"Tore"|"Punkte"|"Punkte pro Spiel"|"Eff."|"Trend"|"MW"|"spiele"|"crap"|"scrape"|"buy"
"Arnautovic"|"SV Werder Bremen"|"Sturm"|"3.980.000"|"26 (25)"|5|68|"2,72"|"58.529"|""|3980000|26|"SV Werder Bremen"|"Arnautovic"|0
"Arnold"|"VfL Wolfsburg"|"Mittelfeld"|"2.830.000"|"6 (6)"|3|18|"3,00"|"157.222"|""|2830000|6|"VfL Wolfsburg"|"Arnold"|0
"Arslan"|"Hamburger SV"|"Mittelfeld"|"380.000"|"25 (22)"|0|0|"0,00"|"-"|""|380000|25|"Hamburger SV"|"Arslan"|0
"Aubameyang"|"Borussia Dortmund"|"Sturm"|"13.200.000"|"0 (0)"|0|0|"0,00"|"-"|""|13200000|0|"Borussia Dortmund"|"Aubameyang"|0
"Audel"|"VfB Stuttgart"|"Mittelfeld"|"200.000"|"0 (0)"|0|0|"0,00"|"-"|""|2e+05|0|"VfB Stuttgart"|"Audel"|0
"Avdic"|"SV Werder Bremen"|"Sturm"|"160.000"|"0 (0)"|0|0|"0,00"|"-"|""|160000|0|"SV Werder Bremen"|"Avdic"|0
"Avevor"|"Hannover 96"|"Abwehr"|"170.000"|"0 (0)"|0|0|"0,00"|"-"|""|170000|0|"Hannover 96"|"Avevor"|0
"Ayhan"|"FC Schalke 04"|"Abwehr"|"480.000"|"0 (0)"|0|0|"0,00"|"-"|""|480000|0|"FC Schalke 04"|"Ayhan"|0
"B. Röcker"|""|"Abwehr"|"220.000"|"2 (0)"|0|0|"0,00"|"-"|""|220000|2|""|"B.+Röcker"|0
"Badelj"|"Hamburger SV"|"Mittelfeld"|"2.260.000"|"31 (31)"|1|49|"1,58"|"46.122"|""|2260000|31|"Hamburger SV"|"Badelj"|0
"Badstuber"|"FC Bayern München"|"Abwehr"|"1.550.000"|"12 (12)"|0|56|"4,67"|"27.679"|""|1550000|12|"FC Bayern München"|"Badstuber"|1
"Baier"|"FC Augsburg"|"Mittelfeld"|"2.260.000"|"33 (33)"|2|72|"2,18"|"31.389"|""|2260000|33|"FC Augsburg"|"Baier"|1
"Bajner"|"Borussia Dortmund"|"Sturm"|"320.000"|"1 (0)"|0|0|"0,00"|"-"|""|320000|1|"Borussia Dortmund"|"Bajner"|0
"Balitsch"|"1. FC Nürnberg"|"Mittelfeld"|"780.000"|"33 (33)"|1|38|"1,15"|"20.526"|""|780000|33|"1. FC Nürnberg"|"Balitsch"|1
"Ballas"|"Hannover 96"|"Abwehr"|"170.000"|"0 (0)"|0|0|"0,00"|"-"|""|170000|0|"Hannover 96"|"Ballas"|0
"Bancé"|"FC Augsburg"|"Sturm"|"270.000"|"18 (12)"|0|-10|"-0,83"|"-"|""|270000|18|"FC Augsburg"|"Bancé"|0
"Bargfrede"|"SV Werder Bremen"|"Mittelfeld"|"300.000"|"13 (9)"|0|4|"0,44"|"75.000"|""|3e+05|13|"SV Werder Bremen"|"Bargfrede"|0
"Barnetta"|"FC Schalke 04"|"Mittelfeld"|"610.000"|"21 (10)"|0|-12|"-1,20"|"-"|""|610000|21|"FC Schalke 04"|"Barnetta"|0
"Bastos"|"FC Schalke 04"|"Sturm"|"4.370.000"|"14 (14)"|4|28|"2,00"|"156.071"|""|4370000|14|"FC Schalke 04"|"Bastos"|0
"Batz"|"SC Freiburg"|"Torwart"|"160.000"|"0 (0)"|0|0|"0,00"|"-"|""|160000|0|"SC Freiburg"|"Batz"|0
"Baumann"|"SC Freiburg"|"Torwart"|"2.900.000"|"34 (34)"|0|124|"3,65"|"23.387"|""|2900000|34|"SC Freiburg"|"Baumann"|0
"Baumgartlinger"|"1. FSV Mainz 05"|"Mittelfeld"|"3.230.000"|"32 (32)"|0|87|"2,72"|"37.126"|""|3230000|32|"1. FSV Mainz 05"|"Baumgartlinger"|0
"Baumjohann"|"Hertha BSC"|"Mittelfeld"|"2.900.000"|"0 (0)"|0|0|"0,00"|"-"|""|2900000|0|"Hertha BSC"|"Baumjohann"|0
"Beck"|"1899 Hoffenheim"|"Abwehr"|"1.150.000"|"31 (31)"|1|7|"0,23"|"164.286"|""|1150000|31|"1899 Hoffenheim"|"Beck"|0
"Beister"|"Hamburger SV"|"Sturm"|"2.580.000"|"23 (18)"|3|9|"0,50"|"286.667"|""|2580000|23|"Hamburger SV"|"Beister"|0
"Bell"|"1. FSV Mainz 05"|"Abwehr"|"300.000"|"8 (5)"|0|6|"1,20"|"50.000"|""|3e+05|8|"1. FSV Mainz 05"|"Bell"|0
"Bellarabi"|"Bayer 04 Leverkusen"|"Sturm"|"1.390.000"|"8 (6)"|0|12|"2,00"|"115.833"|""|1390000|8|"Bayer 04 Leverkusen"|"Bellarabi"|0
"Ben-Hatira"|"Hertha BSC"|"Mittelfeld"|"860.000"|"0 (0)"|0|0|"0,00"|"-"|""|860000|0|"Hertha BSC"|"Ben-Hatira"|0
"Benaglio"|"VfL Wolfsburg"|"Torwart"|"2.730.000"|"34 (34)"|0|134|"3,94"|"20.373"|""|2730000|34|"VfL Wolfsburg"|"Benaglio"|0
"Berko"|"VfB Stuttgart"|"Sturm"|"160.000"|"0 (0)"|0|0|"0,00"|"-"|""|160000|0|"VfB Stuttgart"|"Berko"|0
"Bicakcic"|"Eintracht Braunschweig"|"Abwehr"|"1.230.000"|"0 (0)"|0|0|"0,00"|"-"|""|1230000|0|"Eintracht Braunschweig"|"Bicakcic"|0
"Bittencourt"|"Hannover 96"|"Mittelfeld"|"4.830.000"|"5 (5)"|1|4|"0,80"|"1.207.500"|""|4830000|5|"Hannover 96"|"Bittencourt"|0
"Blaswich"|"Borussia M'gladbach"|"Torwart"|"160.000"|"0 (0)"|0|0|"0,00"|"-"|""|160000|0|"Borussia M'gladbach"|"Blaswich"|0
"Blaszczykowski"|"Borussia Dortmund"|"Mittelfeld"|"9.220.000"|"27 (27)"|11|159|"5,89"|"57.987"|""|9220000|27|"Borussia Dortmund"|"Blaszczykowski"|0
"Boenisch"|"Bayer 04 Leverkusen"|"Abwehr"|"2.150.000"|"15 (13)"|1|43|"3,31"|"50.000"|""|2150000|15|"Bayer 04 Leverkusen"|"Boenisch"|0
"Boka"|"VfB Stuttgart"|"Abwehr"|"1.250.000"|"25 (25)"|1|29|"1,16"|"43.103"|""|1250000|25|"VfB Stuttgart"|"Boka"|0
"Boland"|"Eintracht Braunschweig"|"Mittelfeld"|"910.000"|"0 (0)"|0|0|"0,00"|"-"|""|910000|0|"Eintracht Braunschweig"|"Boland"|0
"Bonmann"|"Borussia Dortmund"|"Torwart"|"160.000"|"0 (0)"|0|0|"0,00"|"-"|""|160000|0|"Borussia Dortmund"|"Bonmann"|0
"Braafheid"|"1899 Hoffenheim"|"Abwehr"|"240.000"|"0 (0)"|0|0|"0,00"|"-"|""|240000|0|"1899 Hoffenheim"|"Braafheid"|0
"Brooks"|"Hertha BSC"|"Abwehr"|"1.340.000"|"0 (0)"|0|0|"0,00"|"-"|""|1340000|0|"Hertha BSC"|"Brooks"|0
"Brouwers"|"Borussia M'gladbach"|"Abwehr"|"1.000.000"|"21 (17)"|1|37|"2,18"|"27.027"|""|1e+06|21|"Borussia M'gladbach"|"Brouwers"|0
"Bungert"|"1. FSV Mainz 05"|"Abwehr"|"790.000"|"8 (8)"|0|12|"1,50"|"65.833"|""|790000|8|"1. FSV Mainz 05"|"Bungert"|0
"Burchert"|"Hertha BSC"|"Torwart"|"160.000"|"0 (0)"|0|0|"0,00"|"-"|""|160000|0|"Hertha BSC"|"Burchert"|0
"C. Fuchs"|"FC Schalke 04"|"Abwehr"|"1.820.000"|"29 (26)"|0|36|"1,38"|"50.556"|""|1820000|29|"FC Schalke 04"|"C.+Fuchs"|0
"C. Röcker"|""|"Abwehr"|"240.000"|"0 (0)"|0|0|"0,00"|"-"|""|240000|0|""|"C.+Röcker"|0
"C. Schulz"|"Hannover 96"|"Abwehr"|"450.000"|"19 (19)"|1|8|"0,42"|"56.250"|""|450000|19|"Hannover 96"|"C.+Schulz"|0
"Cacau"|"VfB Stuttgart"|"Sturm"|"1.200.000"|"5 (5)"|1|3|"0,60"|"400.000"|""|1200000|5|"VfB Stuttgart"|"Cacau"|0
"Caldirola"|"SV Werder Bremen"|"Abwehr"|"4.610.000"|"0 (0)"|0|0|"0,00"|"-"|""|4610000|0|"SV Werder Bremen"|"Caldirola"|0
"Calhanoglu"|"Hamburger SV"|"Mittelfeld"|"4.320.000"|"0 (0)"|0|0|"0,00"|"-"|""|4320000|0|"Hamburger SV"|"Calhanoglu"|0
"Callsen-Bracker"|"FC Augsburg"|"Abwehr"|"610.000"|"24 (23)"|2|32|"1,39"|"19.063"|""|610000|24|"FC Augsburg"|"Callsen-Bracker"|0
"Can"|"FC Bayern München"|"Mittelfeld"|"1.420.000"|"4 (4)"|1|12|"3,00"|"118.333"|""|1420000|4|"FC Bayern München"|"Can"|0
"Casteels"|"1899 Hoffenheim"|"Torwart"|"1.140.000"|"16 (16)"|0|30|"1,88"|"38.000"|""|1140000|16|"1899 Hoffenheim"|"Casteels"|0
"Castro"|"Bayer 04 Leverkusen"|"Mittelfeld"|"7.820.000"|"31 (31)"|6|142|"4,58"|"55.070"|""|7820000|31|"Bayer 04 Leverkusen"|"Castro"|0
"Celozzi"|"Eintracht Frankfurt"|"Abwehr"|"250.000"|"27 (14)"|0|-6|"-0,43"|"-"|""|250000|27|"Eintracht Frankfurt"|"Celozzi"|0
"Chandler"|"1. FC Nürnberg"|"Abwehr"|"920.000"|"30 (30)"|1|31|"1,03"|"29.677"|""|920000|30|"1. FC Nürnberg"|"Chandler"|0
"Cherundolo"|"Hannover 96"|"Abwehr"|"420.000"|"20 (20)"|0|18|"0,90"|"23.333"|""|420000|20|"Hannover 96"|"Cherundolo"|0
"Choupo-Moting"|"1. FSV Mainz 05"|"Sturm"|"1.460.000"|"8 (6)"|0|6|"1,00"|"243.333"|""|1460000|8|"1. FSV Mainz 05"|"Choupo-Moting"|0
"Cigerci"|"VfL Wolfsburg"|"Mittelfeld"|"280.000"|"12 (10)"|0|2|"0,20"|"140.000"|""|280000|12|"VfL Wolfsburg"|"Cigerci"|0
"Clemens"|"FC Schalke 04"|"Mittelfeld"|"2.980.000"|"0 (0)"|0|0|"0,00"|"-"|""|2980000|0|"FC Schalke 04"|"Clemens"|0
"Cohen"|"1. FC Nürnberg"|"Mittelfeld"|"180.000"|"9 (6)"|0|8|"1,33"|"22.500"|""|180000|9|"1. FC Nürnberg"|"Cohen"|0
"Contento"|"FC Bayern München"|"Abwehr"|"440.000"|"5 (4)"|0|8|"2,00"|"55.000"|""|440000|5|"FC Bayern München"|"Contento"|0
"Coquelin"|"SC Freiburg"|"Mittelfeld"|"2.560.000"|"0 (0)"|0|0|"0,00"|"-"|""|2560000|0|"SC Freiburg"|"Coquelin"|0
"Correia"|"Eintracht Braunschweig"|"Abwehr"|"460.000"|"0 (0)"|0|0|"0,00"|"-"|""|460000|0|"Eintracht Braunschweig"|"Correia"|0
"D. Caligiuri"|"VfL Wolfsburg"|"Mittelfeld"|"3.810.000"|"29 (29)"|5|86|"2,97"|"44.302"|""|3810000|29|"VfL Wolfsburg"|"D.+Caligiuri"|0
"D. Dogan"|"Eintracht Braunschweig"|"Abwehr"|"600.000"|"0 (0)"|0|0|"0,00"|"-"|""|6e+05|0|"Eintracht Braunschweig"|"D.+Dogan"|0
"D. Reinhardt"|"FC Augsburg"|"Abwehr"|"270.000"|"4 (3)"|0|8|"2,67"|"33.750"|""|270000|4|"FC Augsburg"|"D.+Reinhardt"|0
"D. Vrancic"|"Eintracht Braunschweig"|"Mittelfeld"|"470.000"|"0 (0)"|0|0|"0,00"|"-"|""|470000|0|"Eintracht Braunschweig"|"D.+Vrancic"|0
"Dabanli"|"1. FC Nürnberg"|"Abwehr"|"270.000"|"8 (3)"|0|2|"0,67"|"135.000"|""|270000|8|"1. FC Nürnberg"|"Dabanli"|0
"Dante"|"FC Bayern München"|"Abwehr"|"8.530.000"|"29 (29)"|1|131|"4,52"|"65.115"|""|8530000|29|"FC Bayern München"|"Dante"|0
"Davari"|"Eintracht Braunschweig"|"Torwart"|"880.000"|"0 (0)"|0|0|"0,00"|"-"|""|880000|0|"Eintracht Braunschweig"|"Davari"|0
"de Camargo"|"1899 Hoffenheim"|"Sturm"|"510.000"|"22 (14)"|3|-9|"-0,64"|"-"|""|510000|22|"1899 Hoffenheim"|"de+Camargo"|0
"Delpierre"|"1899 Hoffenheim"|"Abwehr"|"430.000"|"23 (23)"|1|27|"1,17"|"15.926"|""|430000|23|"1899 Hoffenheim"|"Delpierre"|0
"Demirbay"|"Hamburger SV"|"Mittelfeld"|"540.000"|"0 (0)"|0|0|"0,00"|"-"|""|540000|0|"Hamburger SV"|"Demirbay"|0
"Derdiyok"|"1899 Hoffenheim"|"Sturm"|"1.340.000"|"19 (14)"|1|-11|"-0,79"|"-"|""|1340000|19|"1899 Hoffenheim"|"Derdiyok"|0
"Diagne"|"SC Freiburg"|"Abwehr"|"2.620.000"|"30 (29)"|1|63|"2,17"|"41.587"|""|2620000|30|"SC Freiburg"|"Diagne"|0
"Diaz"|"1. FSV Mainz 05"|"Abwehr"|"450.000"|"18 (16)"|1|19|"1,19"|"23.684"|""|450000|18|"1. FSV Mainz 05"|"Diaz"|0
"Didavi"|"VfB Stuttgart"|"Mittelfeld"|"410.000"|"3 (2)"|0|0|"0,00"|"-"|""|410000|3|"VfB Stuttgart"|"Didavi"|0
"Diego"|"VfL Wolfsburg"|"Mittelfeld"|"10.600.000"|"32 (32)"|10|143|"4,47"|"74.126"|""|10600000|32|"VfL Wolfsburg"|"Diego"|0
"Diekmeier"|"Hamburger SV"|"Abwehr"|"1.550.000"|"32 (32)"|0|36|"1,13"|"43.056"|""|1550000|32|"Hamburger SV"|"Diekmeier"|0
"Djakpa"|"Eintracht Frankfurt"|"Abwehr"|"280.000"|"5 (3)"|0|10|"3,33"|"28.000"|""|280000|5|"Eintracht Frankfurt"|"Djakpa"|0
"Djourou"|"Hamburger SV"|"Abwehr"|"2.330.000"|"14 (14)"|0|8|"0,57"|"291.250"|""|2330000|14|"Hamburger SV"|"Djourou"|0
"Dominguez"|"Borussia M'gladbach"|"Abwehr"|"4.190.000"|"30 (30)"|2|82|"2,73"|"51.098"|""|4190000|30|"Borussia M'gladbach"|"Dominguez"|0
"Donati"|"Bayer 04 Leverkusen"|"Abwehr"|"4.430.000"|"0 (0)"|0|0|"0,00"|"-"|""|4430000|0|"Bayer 04 Leverkusen"|"Donati"|0
"Dost"|"VfL Wolfsburg"|"Sturm"|"3.200.000"|"28 (26)"|8|10|"0,38"|"320.000"|""|3200000|28|"VfL Wolfsburg"|"Dost"|0
"Draxler"|"FC Schalke 04"|"Mittelfeld"|"11.190.000"|"30 (29)"|10|120|"4,14"|"93.250"|""|11190000|30|"FC Schalke 04"|"Draxler"|0
"Drewes"|"VfL Wolfsburg"|"Torwart"|"170.000"|"0 (0)"|0|0|"0,00"|"-"|""|170000|0|"VfL Wolfsburg"|"Drewes"|0
"Drmic"|"1. FC Nürnberg"|"Sturm"|"2.600.000"|"0 (0)"|0|0|"0,00"|"-"|""|2600000|0|"1. FC Nürnberg"|"Drmic"|0
"Drobny"|"Hamburger SV"|"Torwart"|"310.000"|"2 (2)"|0|10|"5,00"|"31.000"|""|310000|2|"Hamburger SV"|"Drobny"|0
"Dürholtz"|"Bayer 04 Leverkusen"|"Mittelfeld"|"160.000"|"0 (0)"|0|0|"0,00"|"-"|""|160000|0|"Bayer 04 Leverkusen"|"Dürholtz"|0
"Ede"|"SV Werder Bremen"|"Sturm"|"390.000"|"9 (4)"|1|15|"3,75"|"26.000"|""|390000|9|"SV Werder Bremen"|"Ede"|1
"Ekici"|"SV Werder Bremen"|"Mittelfeld"|"3.120.000"|"9 (6)"|2|12|"2,00"|"260.000"|""|3120000|9|"SV Werder Bremen"|"Ekici"|0
"Ekin"|"FC Augsburg"|"Sturm"|"160.000"|"0 (0)"|0|0|"0,00"|"-"|""|160000|0|"FC Augsburg"|"Ekin"|0
"Elabdellaoui"|"Eintracht Braunschweig"|"Mittelfeld"|"1.390.000"|"0 (0)"|0|0|"0,00"|"-"|""|1390000|0|"Eintracht Braunschweig"|"Elabdellaoui"|0
"Elia"|"SV Werder Bremen"|"Sturm"|"3.710.000"|"24 (24)"|0|28|"1,17"|"132.500"|""|3710000|24|"SV Werder Bremen"|"Elia"|0
"Elyounoussi"|"1899 Hoffenheim"|"Sturm"|"2.650.000"|"0 (0)"|0|0|"0,00"|"-"|""|2650000|0|"1899 Hoffenheim"|"Elyounoussi"|0
"Erwig-Drüppel"|"Eintracht Braunschweig"|"Mittelfeld"|"160.000"|"0 (0)"|0|0|"0,00"|"-"|""|160000|0|"Eintracht Braunschweig"|"Erwig-Drüppel"|0
"Escudero"|"FC Schalke 04"|"Abwehr"|"290.000"|"0 (0)"|0|0|"0,00"|"-"|""|290000|0|"FC Schalke 04"|"Escudero"|0
"Esswein"|"1. FC Nürnberg"|"Sturm"|"880.000"|"27 (24)"|2|12|"0,50"|"73.333"|""|880000|27|"1. FC Nürnberg"|"Esswein"|0
"F. Daems"|"Borussia M'gladbach"|"Abwehr"|"1.190.000"|"19 (17)"|1|29|"1,71"|"41.034"|""|1190000|19|"Borussia M'gladbach"|"F.+Daems"|0
"F. Kroos"|"SV Werder Bremen"|"Abwehr"|"520.000"|"5 (5)"|0|2|"0,40"|"260.000"|""|520000|5|"SV Werder Bremen"|"F.+Kroos"|0
"F. Santana"|"FC Schalke 04"|"Abwehr"|"3.870.000"|"21 (17)"|1|21|"1,24"|"184.286"|""|3870000|21|"FC Schalke 04"|"F.+Santana"|0
"Fágner"|"VfL Wolfsburg"|"Abwehr"|"700.000"|"26 (24)"|0|16|"0,67"|"43.750"|""|7e+05|26|"VfL Wolfsburg"|"Fágner"|0
"Fährmann"|"FC Schalke 04"|"Torwart"|"230.000"|"0 (0)"|0|0|"0,00"|"-"|""|230000|0|"FC Schalke 04"|"Fährmann"|0
"Farfan"|"FC Schalke 04"|"Sturm"|"8.870.000"|"27 (26)"|6|122|"4,69"|"72.705"|""|8870000|27|"FC Schalke 04"|"Farfan"|0
"Fathi"|"1. FSV Mainz 05"|"Abwehr"|"170.000"|"0 (0)"|0|0|"0,00"|"-"|""|170000|0|"1. FSV Mainz 05"|"Fathi"|0
"Felipe Lopes"|"VfL Wolfsburg"|"Abwehr"|"230.000"|"4 (3)"|0|2|"0,67"|"115.000"|""|230000|4|"VfL Wolfsburg"|"Felipe+Lopes"|0
"Felipe Martins"|"Hannover 96"|"Abwehr"|"610.000"|"4 (3)"|1|5|"1,67"|"122.000"|""|610000|4|"Hannover 96"|"Felipe+Martins"|0
"Fetsch"|"FC Augsburg"|"Sturm"|"230.000"|"0 (0)"|0|0|"0,00"|"-"|""|230000|0|"FC Augsburg"|"Fetsch"|0
"Feulner"|"1. FC Nürnberg"|"Mittelfeld"|"610.000"|"23 (20)"|4|26|"1,30"|"23.462"|""|610000|23|"1. FC Nürnberg"|"Feulner"|0
"Firmino"|"1899 Hoffenheim"|"Mittelfeld"|"4.380.000"|"33 (33)"|5|43|"1,30"|"101.860"|""|4380000|33|"1899 Hoffenheim"|"Firmino"|0
"Flum"|"Eintracht Frankfurt"|"Mittelfeld"|"1.310.000"|"26 (15)"|1|28|"1,87"|"46.786"|""|1310000|26|"Eintracht Frankfurt"|"Flum"|0
"Framberger"|"FC Augsburg"|"Abwehr"|"160.000"|"0 (0)"|0|0|"0,00"|"-"|""|160000|0|"FC Augsburg"|"Framberger"|0
"França"|"Hannover 96"|"Mittelfeld"|"400.000"|"0 (0)"|0|0|"0,00"|"-"|""|4e+05|0|"Hannover 96"|"França"|0
"Frantz"|"1. FC Nürnberg"|"Mittelfeld"|"240.000"|"27 (22)"|1|-4|"-0,18"|"-"|""|240000|27|"1. FC Nürnberg"|"Frantz"|0
"Franz"|"Hertha BSC"|"Abwehr"|"530.000"|"0 (0)"|0|0|"0,00"|"-"|""|530000|0|"Hertha BSC"|"Franz"|0
"Freis"|"SC Freiburg"|"Sturm"|"250.000"|"12 (9)"|1|-5|"-0,56"|"-"|""|250000|12|"SC Freiburg"|"Freis"|0
"Fritz"|"SV Werder Bremen"|"Mittelfeld"|"1.200.000"|"22 (20)"|0|7|"0,35"|"171.429"|""|1200000|22|"SV Werder Bremen"|"Fritz"|0
"Fuhry"|"Hannover 96"|"Torwart"|"190.000"|"0 (0)"|0|0|"0,00"|"-"|""|190000|0|"Hannover 96"|"Fuhry"|0
"Füllkrug"|"SV Werder Bremen"|"Sturm"|"700.000"|"12 (6)"|1|3|"0,50"|"233.333"|""|7e+05|12|"SV Werder Bremen"|"Füllkrug"|0
"Funk"|"VfB Stuttgart"|"Abwehr"|"250.000"|"0 (0)"|0|0|"0,00"|"-"|""|250000|0|"VfB Stuttgart"|"Funk"|0
"G. Fernandes"|"SC Freiburg"|"Mittelfeld"|"2.570.000"|"0 (0)"|0|0|"0,00"|"-"|""|2570000|0|"SC Freiburg"|"G.+Fernandes"|0
"G. Korte"|"Eintracht Braunschweig"|"Mittelfeld"|"290.000"|"0 (0)"|0|0|"0,00"|"-"|""|290000|0|"Eintracht Braunschweig"|"G.+Korte"|0
"G. Sakai"|"VfB Stuttgart"|"Abwehr"|"510.000"|"27 (27)"|0|6|"0,22"|"85.000"|""|510000|27|"VfB Stuttgart"|"G.+Sakai"|0
"Gebhart"|"1. FC Nürnberg"|"Mittelfeld"|"620.000"|"18 (14)"|2|21|"1,50"|"29.524"|""|620000|18|"1. FC Nürnberg"|"Gebhart"|0
"Geis"|"1. FSV Mainz 05"|"Mittelfeld"|"670.000"|"8 (7)"|1|8|"1,14"|"83.750"|""|670000|8|"1. FSV Mainz 05"|"Geis"|0
"Gelios"|"FC Augsburg"|"Torwart"|"160.000"|"0 (0)"|0|0|"0,00"|"-"|""|160000|0|"FC Augsburg"|"Gelios"|0
"Gentner"|"VfB Stuttgart"|"Mittelfeld"|"3.920.000"|"34 (34)"|5|78|"2,29"|"50.256"|""|3920000|34|"VfB Stuttgart"|"Gentner"|0
"Ginczek"|"1. FC Nürnberg"|"Sturm"|"3.300.000"|"0 (0)"|0|0|"0,00"|"-"|""|3300000|0|"1. FC Nürnberg"|"Ginczek"|0
"Ginter"|"SC Freiburg"|"Abwehr"|"2.170.000"|"23 (22)"|1|45|"2,05"|"48.222"|""|2170000|23|"SC Freiburg"|"Ginter"|0
"Gökdemir"|"Hannover 96"|"Abwehr"|"220.000"|"0 (0)"|0|0|"0,00"|"-"|""|220000|0|"Hannover 96"|"Gökdemir"|0
"Gomez"|"FC Bayern München"|"Sturm"|"3.080.000"|"21 (14)"|11|83|"5,93"|"37.108"|""|3080000|21|"FC Bayern München"|"Gomez"|1
"Goretzka"|"FC Schalke 04"|"Mittelfeld"|"6.150.000"|"0 (0)"|0|0|"0,00"|"-"|""|6150000|0|"FC Schalke 04"|"Goretzka"|0
"Grahl"|"1899 Hoffenheim"|"Torwart"|"160.000"|"0 (0)"|0|0|"0,00"|"-"|""|160000|0|"1899 Hoffenheim"|"Grahl"|0
"Grifo"|"1899 Hoffenheim"|"Mittelfeld"|"270.000"|"12 (6)"|0|2|"0,33"|"135.000"|""|270000|12|"1899 Hoffenheim"|"Grifo"|0
"Großkreutz"|"Borussia Dortmund"|"Mittelfeld"|"2.660.000"|"29 (23)"|2|42|"1,83"|"63.333"|""|2660000|29|"Borussia Dortmund"|"Großkreutz"|0
"Grün"|"VfL Wolfsburg"|"Torwart"|"280.000"|"17 (17)"|0|48|"2,82"|"5.833"|""|280000|17|"VfL Wolfsburg"|"Grün"|0
"Guédé"|"SC Freiburg"|"Mittelfeld"|"310.000"|"21 (14)"|1|-4|"-0,29"|"-"|""|310000|21|"SC Freiburg"|"Guédé"|0
"Gündogan"|"Borussia Dortmund"|"Mittelfeld"|"11.480.000"|"28 (26)"|3|132|"5,08"|"86.970"|""|11480000|28|"Borussia Dortmund"|"Gündogan"|0
"Günter"|"SC Freiburg"|"Abwehr"|"250.000"|"7 (5)"|0|-4|"-0,80"|"-"|""|250000|7|"SC Freiburg"|"Günter"|0
"Gyau"|"1899 Hoffenheim"|"Mittelfeld"|"160.000"|"0 (0)"|0|0|"0,00"|"-"|""|160000|0|"1899 Hoffenheim"|"Gyau"|0
"H. Müller"|"Hannover 96"|"Torwart"|"310.000"|"3 (3)"|0|-4|"-1,33"|"-"|""|310000|3|"Hannover 96"|"H.+Müller"|0
"H. Sakai"|"Hannover 96"|"Abwehr"|"510.000"|"13 (9)"|0|2|"0,22"|"255.000"|""|510000|13|"Hannover 96"|"H.+Sakai"|0
"Haggui"|"Hannover 96"|"Abwehr"|"530.000"|"22 (19)"|1|17|"0,89"|"31.176"|""|530000|22|"Hannover 96"|"Haggui"|0
"Hahn"|"FC Augsburg"|"Mittelfeld"|"930.000"|"16 (13)"|0|30|"2,31"|"31.000"|""|930000|16|"FC Augsburg"|"Hahn"|0
"Hajnal"|"VfB Stuttgart"|"Mittelfeld"|"340.000"|"13 (9)"|0|-16|"-1,78"|"-"|""|340000|13|"VfB Stuttgart"|"Hajnal"|0
"Halil Altintop"|"FC Augsburg"|"Sturm"|"3.560.000"|"0 (0)"|0|0|"0,00"|"-"|""|3560000|0|"FC Augsburg"|"Halil+Altintop"|0
"Hanke"|"SC Freiburg"|"Sturm"|"3.150.000"|"32 (20)"|4|42|"2,10"|"75.000"|""|3150000|32|"SC Freiburg"|"Hanke"|0
"Harnik"|"VfB Stuttgart"|"Sturm"|"4.390.000"|"30 (30)"|5|23|"0,77"|"190.870"|""|4390000|30|"VfB Stuttgart"|"Harnik"|0
"Hartherz"|"SV Werder Bremen"|"Abwehr"|"250.000"|"0 (0)"|0|0|"0,00"|"-"|""|250000|0|"SV Werder Bremen"|"Hartherz"|0
"Hasani"|"VfL Wolfsburg"|"Sturm"|"160.000"|"4 (3)"|0|-4|"-1,33"|"-"|""|160000|4|"VfL Wolfsburg"|"Hasani"|0
"Hasebe"|"VfL Wolfsburg"|"Mittelfeld"|"580.000"|"23 (23)"|2|32|"1,39"|"18.125"|""|580000|23|"VfL Wolfsburg"|"Hasebe"|1
"Hedenstad"|"SC Freiburg"|"Abwehr"|"470.000"|"16 (11)"|0|16|"1,45"|"29.375"|""|470000|16|"SC Freiburg"|"Hedenstad"|0
"Hegeler"|"Bayer 04 Leverkusen"|"Mittelfeld"|"1.630.000"|"27 (16)"|3|46|"2,88"|"35.435"|""|1630000|27|"Bayer 04 Leverkusen"|"Hegeler"|0
"Heimeroth"|"Borussia M'gladbach"|"Torwart"|"170.000"|"1 (0)"|0|0|"0,00"|"-"|""|170000|1|"Borussia M'gladbach"|"Heimeroth"|0
"Helmes"|"VfL Wolfsburg"|"Sturm"|"3.540.000"|"4 (2)"|0|4|"2,00"|"885.000"|""|3540000|4|"VfL Wolfsburg"|"Helmes"|0
"Henn"|"Eintracht Braunschweig"|"Abwehr"|"160.000"|"0 (0)"|0|0|"0,00"|"-"|""|160000|0|"Eintracht Braunschweig"|"Henn"|0
"Hien"|"Eintracht Frankfurt"|"Abwehr"|"160.000"|"0 (0)"|0|0|"0,00"|"-"|""|160000|0|"Eintracht Frankfurt"|"Hien"|0
"Hildebrand"|"FC Schalke 04"|"Torwart"|"1.370.000"|"21 (21)"|0|50|"2,38"|"27.400"|""|1370000|21|"FC Schalke 04"|"Hildebrand"|0
"Hitz"|"FC Augsburg"|"Torwart"|"180.000"|"0 (0)"|0|0|"0,00"|"-"|""|180000|0|"FC Augsburg"|"Hitz"|0
"Hlousek"|"1. FC Nürnberg"|"Mittelfeld"|"270.000"|"0 (0)"|0|0|"0,00"|"-"|""|270000|0|"1. FC Nürnberg"|"Hlousek"|0
"Hochscheidt"|"Eintracht Braunschweig"|"Mittelfeld"|"830.000"|"0 (0)"|0|0|"0,00"|"-"|""|830000|0|"Eintracht Braunschweig"|"Hochscheidt"|0
"Höfler"|"SC Freiburg"|"Mittelfeld"|"400.000"|"0 (0)"|0|0|"0,00"|"-"|""|4e+05|0|"SC Freiburg"|"Höfler"|0
"Höger"|"FC Schalke 04"|"Mittelfeld"|"2.300.000"|"22 (16)"|3|48|"3,00"|"47.917"|""|2300000|22|"FC Schalke 04"|"Höger"|0
"Höhn"|"SC Freiburg"|"Abwehr"|"410.000"|"8 (8)"|0|8|"1,00"|"51.250"|""|410000|8|"SC Freiburg"|"Höhn"|0
"Höjbjerg"|"FC Bayern München"|"Mittelfeld"|"1.930.000"|"2 (0)"|0|0|"0,00"|"-"|""|1930000|2|"FC Bayern München"|"Höjbjerg"|0
"Holland"|"Hertha BSC"|"Mittelfeld"|"280.000"|"0 (0)"|0|0|"0,00"|"-"|""|280000|0|"Hertha BSC"|"Holland"|0
"Holzhauser"|"FC Augsburg"|"Mittelfeld"|"1.720.000"|"21 (16)"|0|8|"0,50"|"215.000"|""|1720000|21|"FC Augsburg"|"Holzhauser"|0
"Hoogland"|"FC Schalke 04"|"Abwehr"|"730.000"|"4 (3)"|0|6|"2,00"|"121.667"|""|730000|4|"FC Schalke 04"|"Hoogland"|0
"Hornschuh"|"Borussia Dortmund"|"Abwehr"|"230.000"|"0 (0)"|0|0|"0,00"|"-"|""|230000|0|"Borussia Dortmund"|"Hornschuh"|0
"Hosogai"|"Hertha BSC"|"Abwehr"|"1.120.000"|"17 (10)"|0|6|"0,60"|"186.667"|""|1120000|17|"Hertha BSC"|"Hosogai"|0
"Höwedes"|"FC Schalke 04"|"Abwehr"|"5.320.000"|"32 (32)"|0|96|"3,00"|"55.417"|""|5320000|32|"FC Schalke 04"|"Höwedes"|0
"Hrgota"|"Borussia M'gladbach"|"Sturm"|"2.060.000"|"13 (8)"|3|19|"2,38"|"108.421"|""|2060000|13|"Borussia M'gladbach"|"Hrgota"|0
"Hubnik"|"Hertha BSC"|"Abwehr"|"400.000"|"0 (0)"|0|0|"0,00"|"-"|""|4e+05|0|"Hertha BSC"|"Hubnik"|0
"Hummels"|"Borussia Dortmund"|"Abwehr"|"8.960.000"|"28 (28)"|1|89|"3,18"|"100.674"|""|8960000|28|"Borussia Dortmund"|"Hummels"|0
"Hunt"|"SV Werder Bremen"|"Mittelfeld"|"7.600.000"|"28 (28)"|11|131|"4,68"|"58.015"|""|7600000|28|"SV Werder Bremen"|"Hunt"|0
"Huntelaar"|"FC Schalke 04"|"Sturm"|"9.460.000"|"26 (26)"|10|41|"1,58"|"230.732"|""|9460000|26|"FC Schalke 04"|"Huntelaar"|0
"Huszti"|"Hannover 96"|"Mittelfeld"|"5.590.000"|"21 (21)"|9|82|"3,90"|"68.171"|""|5590000|21|"Hannover 96"|"Huszti"|0
"Ibisevic"|"VfB Stuttgart"|"Sturm"|"6.390.000"|"30 (30)"|15|63|"2,10"|"101.429"|""|6390000|30|"VfB Stuttgart"|"Ibisevic"|0
"Ignjovski"|"SV Werder Bremen"|"Mittelfeld"|"460.000"|"20 (19)"|1|14|"0,74"|"32.857"|""|460000|20|"SV Werder Bremen"|"Ignjovski"|0
"Ildiz"|"1. FC Nürnberg"|"Mittelfeld"|"240.000"|"5 (0)"|0|0|"0,00"|"-"|""|240000|5|"1. FC Nürnberg"|"Ildiz"|0
"Ilicevic"|"Hamburger SV"|"Mittelfeld"|"720.000"|"8 (5)"|1|10|"2,00"|"72.000"|""|720000|8|"Hamburger SV"|"Ilicevic"|0
"Inui"|"Eintracht Frankfurt"|"Mittelfeld"|"3.240.000"|"33 (33)"|6|59|"1,79"|"54.915"|""|3240000|33|"Eintracht Frankfurt"|"Inui"|0
"J. Boateng"|"FC Bayern München"|"Abwehr"|"6.630.000"|"26 (26)"|2|120|"4,62"|"55.250"|""|6630000|26|"FC Bayern München"|"J.+Boateng"|0
"J. Hofmann"|"Borussia Dortmund"|"Mittelfeld"|"1.050.000"|"3 (2)"|0|6|"3,00"|"175.000"|""|1050000|3|"Borussia Dortmund"|"J.+Hofmann"|0
"J. Matip"|"FC Schalke 04"|"Abwehr"|"4.490.000"|"32 (32)"|3|85|"2,66"|"52.824"|""|4490000|32|"FC Schalke 04"|"J.+Matip"|0
"Jaissle"|"1899 Hoffenheim"|"Abwehr"|"160.000"|"0 (0)"|0|0|"0,00"|"-"|""|160000|0|"1899 Hoffenheim"|"Jaissle"|0
"Janker"|"Hertha BSC"|"Abwehr"|"160.000"|"0 (0)"|0|0|"0,00"|"-"|""|160000|0|"Hertha BSC"|"Janker"|0
"Jansen"|"Hamburger SV"|"Abwehr"|"2.990.000"|"28 (28)"|1|44|"1,57"|"67.955"|""|2990000|28|"Hamburger SV"|"Jansen"|0
"Jantschke"|"Borussia M'gladbach"|"Abwehr"|"1.360.000"|"31 (31)"|1|21|"0,68"|"64.762"|""|1360000|31|"Borussia M'gladbach"|"Jantschke"|0
"Javi Martínez"|"Hannover 96"|"Mittelfeld"|"10.670.000"|"27 (23)"|3|126|"5,48"|"84.683"|""|10670000|27|"Hannover 96"|"Javi+Martínez"|0
"Jiracek"|"Hamburger SV"|"Mittelfeld"|"1.040.000"|"13 (11)"|1|-6|"-0,55"|"-"|""|1040000|13|"Hamburger SV"|"Jiracek"|0
"Johnson"|"1899 Hoffenheim"|"Abwehr"|"2.360.000"|"31 (31)"|3|51|"1,65"|"46.275"|""|2360000|31|"1899 Hoffenheim"|"Johnson"|0
"Jones"|"FC Schalke 04"|"Mittelfeld"|"3.620.000"|"25 (24)"|1|66|"2,75"|"54.848"|""|3620000|25|"FC Schalke 04"|"Jones"|0
"Jönsson"|"VfL Wolfsburg"|"Sturm"|"250.000"|"6 (2)"|0|-2|"-1,00"|"-"|""|250000|6|"VfL Wolfsburg"|"Jönsson"|0
"Joselu"|"Eintracht Frankfurt"|"Sturm"|"3.720.000"|"25 (24)"|5|11|"0,46"|"338.182"|""|3720000|25|"Eintracht Frankfurt"|"Joselu"|0
"Jullien"|"SC Freiburg"|"Abwehr"|"1.390.000"|"0 (0)"|0|0|"0,00"|"-"|""|1390000|0|"SC Freiburg"|"Jullien"|0
"Jung"|"Eintracht Frankfurt"|"Abwehr"|"4.090.000"|"32 (32)"|1|97|"3,03"|"42.165"|""|4090000|32|"Eintracht Frankfurt"|"Jung"|0
"Junuzovic"|"SV Werder Bremen"|"Mittelfeld"|"3.010.000"|"30 (30)"|3|56|"1,87"|"53.750"|""|3010000|30|"SV Werder Bremen"|"Junuzovic"|0
"K. Günter"|"Hannover 96"|"Abwehr"|"270.000"|"0 (0)"|0|0|"0,00"|"-"|""|270000|0|"Hannover 96"|"K.+Günter"|0
"K. Papadopoulos"|"FC Schalke 04"|"Abwehr"|"3.600.000"|"10 (9)"|1|26|"2,89"|"138.462"|""|3600000|10|"FC Schalke 04"|"K.+Papadopoulos"|0
"Kacar"|"Hamburger SV"|"Mittelfeld"|"270.000"|"3 (1)"|0|2|"2,00"|"135.000"|""|270000|3|"Hamburger SV"|"Kacar"|0
"Kadah"|"Hannover 96"|"Sturm"|"270.000"|"2 (0)"|0|0|"0,00"|"-"|""|270000|2|"Hannover 96"|"Kadah"|0
"Kanazaki"|"1. FC Nürnberg"|"Mittelfeld"|"230.000"|"4 (3)"|0|0|"0,00"|"-"|""|230000|4|"1. FC Nürnberg"|"Kanazaki"|0
"Karaman"|"1899 Hoffenheim"|"Sturm"|"200.000"|"0 (0)"|0|0|"0,00"|"-"|""|2e+05|0|"1899 Hoffenheim"|"Karaman"|0
"Karius"|"1. FSV Mainz 05"|"Torwart"|"220.000"|"1 (1)"|0|4|"4,00"|"55.000"|""|220000|1|"1. FSV Mainz 05"|"Karius"|0
"Kasumovic"|"Hannover 96"|"Sturm"|"190.000"|"0 (0)"|0|0|"0,00"|"-"|""|190000|0|"Hannover 96"|"Kasumovic"|0
"Kehl"|"Borussia Dortmund"|"Mittelfeld"|"2.580.000"|"22 (19)"|0|52|"2,74"|"49.615"|""|2580000|22|"Borussia Dortmund"|"Kehl"|0
"Kempf"|"Eintracht Frankfurt"|"Abwehr"|"230.000"|"2 (2)"|0|-2|"-1,00"|"-"|""|230000|2|"Eintracht Frankfurt"|"Kempf"|0
"Kerk"|"SC Freiburg"|"Mittelfeld"|"520.000"|"1 (1)"|0|4|"4,00"|"130.000"|""|520000|1|"SC Freiburg"|"Kerk"|0
"Kessel"|"Eintracht Braunschweig"|"Abwehr"|"280.000"|"0 (0)"|0|0|"0,00"|"-"|""|280000|0|"Eintracht Braunschweig"|"Kessel"|0
"Kießling"|"Bayer 04 Leverkusen"|"Sturm"|"12.950.000"|"34 (34)"|25|229|"6,74"|"56.550"|""|12950000|34|"Bayer 04 Leverkusen"|"Kießling"|0
"Kirch"|"Borussia Dortmund"|"Abwehr"|"320.000"|"4 (2)"|0|0|"0,00"|"-"|""|320000|4|"Borussia Dortmund"|"Kirch"|0
"Kirchhoff"|"FC Bayern München"|"Abwehr"|"1.740.000"|"18 (17)"|0|38|"2,24"|"45.789"|""|1740000|18|"FC Bayern München"|"Kirchhoff"|0
"Kirschbaum"|"VfB Stuttgart"|"Torwart"|"190.000"|"0 (0)"|0|0|"0,00"|"-"|""|190000|0|"VfB Stuttgart"|"Kirschbaum"|0
"Kittel"|"Eintracht Frankfurt"|"Mittelfeld"|"210.000"|"6 (0)"|0|0|"0,00"|"-"|""|210000|6|"Eintracht Frankfurt"|"Kittel"|0
"Kiyotake"|"1. FC Nürnberg"|"Mittelfeld"|"5.230.000"|"31 (30)"|4|90|"3,00"|"58.111"|""|5230000|31|"1. FC Nürnberg"|"Kiyotake"|0
"Klaus"|"SC Freiburg"|"Mittelfeld"|"840.000"|"24 (22)"|2|-2|"-0,09"|"-"|""|840000|24|"SC Freiburg"|"Klaus"|0
"Klavan"|"FC Augsburg"|"Abwehr"|"740.000"|"30 (30)"|0|44|"1,47"|"16.818"|""|740000|30|"FC Augsburg"|"Klavan"|1
"Klingenburg"|"FC Schalke 04"|"Mittelfeld"|"190.000"|"0 (0)"|0|0|"0,00"|"-"|""|190000|0|"FC Schalke 04"|"Klingenburg"|0
"Kluft"|"Eintracht Braunschweig"|"Mittelfeld"|"260.000"|"0 (0)"|0|0|"0,00"|"-"|""|260000|0|"Eintracht Braunschweig"|"Kluft"|0
"Kluge"|"Hertha BSC"|"Mittelfeld"|"1.480.000"|"0 (0)"|0|0|"0,00"|"-"|""|1480000|0|"Hertha BSC"|"Kluge"|0
"Knoche"|"VfL Wolfsburg"|"Abwehr"|"430.000"|"11 (11)"|0|-1|"-0,09"|"-"|""|430000|11|"VfL Wolfsburg"|"Knoche"|0
"Kobiashvili"|"Hertha BSC"|"Abwehr"|"430.000"|"0 (0)"|0|0|"0,00"|"-"|""|430000|0|"Hertha BSC"|"Kobiashvili"|0
"Koch"|"1. FSV Mainz 05"|"Abwehr"|"1.400.000"|"0 (0)"|0|0|"0,00"|"-"|""|1400000|0|"1. FSV Mainz 05"|"Koch"|0
"Kohr"|"Bayer 04 Leverkusen"|"Mittelfeld"|"160.000"|"4 (0)"|0|0|"0,00"|"-"|""|160000|4|"Bayer 04 Leverkusen"|"Kohr"|0
"Kolasinac"|"FC Schalke 04"|"Abwehr"|"2.810.000"|"16 (13)"|0|24|"1,85"|"117.083"|""|2810000|16|"FC Schalke 04"|"Kolasinac"|0
"Koo"|"VfL Wolfsburg"|"Mittelfeld"|"3.250.000"|"21 (20)"|3|52|"2,60"|"62.500"|""|3250000|21|"VfL Wolfsburg"|"Koo"|0
"Korb"|"Borussia M'gladbach"|"Mittelfeld"|"160.000"|"0 (0)"|0|0|"0,00"|"-"|""|160000|0|"Borussia M'gladbach"|"Korb"|0
"Korczowski"|"1. FC Nürnberg"|"Abwehr"|"160.000"|"3 (0)"|0|0|"0,00"|"-"|""|160000|3|"1. FC Nürnberg"|"Korczowski"|0
"Kraft"|"Hertha BSC"|"Torwart"|"2.030.000"|"0 (0)"|0|0|"0,00"|"-"|""|2030000|0|"Hertha BSC"|"Kraft"|0
"Kramer"|"Borussia M'gladbach"|"Mittelfeld"|"1.650.000"|"0 (0)"|0|0|"0,00"|"-"|""|1650000|0|"Borussia M'gladbach"|"Kramer"|0
"Kratz"|"Eintracht Braunschweig"|"Mittelfeld"|"370.000"|"0 (0)"|0|0|"0,00"|"-"|""|370000|0|"Eintracht Braunschweig"|"Kratz"|0
"Krmas"|"SC Freiburg"|"Abwehr"|"1.870.000"|"17 (17)"|2|68|"4,00"|"27.500"|""|1870000|17|"SC Freiburg"|"Krmas"|1
"Kruppke"|"Eintracht Braunschweig"|"Sturm"|"2.270.000"|"0 (0)"|0|0|"0,00"|"-"|""|2270000|0|"Eintracht Braunschweig"|"Kruppke"|0
"Kumbela"|"Eintracht Braunschweig"|"Sturm"|"2.480.000"|"0 (0)"|0|0|"0,00"|"-"|""|2480000|0|"Eintracht Braunschweig"|"Kumbela"|0
"Kutschke"|"VfL Wolfsburg"|"Sturm"|"170.000"|"0 (0)"|0|0|"0,00"|"-"|""|170000|0|"VfL Wolfsburg"|"Kutschke"|0
"Kvist"|"VfB Stuttgart"|"Mittelfeld"|"730.000"|"23 (22)"|0|14|"0,64"|"52.143"|""|730000|23|"VfB Stuttgart"|"Kvist"|0
"L. Aycicek"|"SV Werder Bremen"|"Mittelfeld"|"280.000"|"0 (0)"|0|0|"0,00"|"-"|""|280000|0|"SV Werder Bremen"|"L.+Aycicek"|0
"L. Bender"|"Bayer 04 Leverkusen"|"Mittelfeld"|"7.750.000"|"33 (33)"|3|134|"4,06"|"57.836"|""|7750000|33|"Bayer 04 Leverkusen"|"L.+Bender"|0
"L. de Jong"|"Borussia M'gladbach"|"Sturm"|"4.890.000"|"23 (18)"|6|34|"1,89"|"143.824"|""|4890000|23|"Borussia M'gladbach"|"L.+de+Jong"|0
"L. Sobiech"|"Borussia Dortmund"|"Abwehr"|"1.730.000"|"24 (20)"|2|30|"1,50"|"57.667"|""|1730000|24|"Borussia Dortmund"|"L.+Sobiech"|0
"Lahm"|"FC Bayern München"|"Abwehr"|"8.720.000"|"29 (29)"|0|132|"4,55"|"66.061"|""|8720000|29|"FC Bayern München"|"Lahm"|0
"Lakic"|"Eintracht Frankfurt"|"Sturm"|"1.970.000"|"22 (12)"|4|12|"1,00"|"164.167"|""|1970000|22|"Eintracht Frankfurt"|"Lakic"|0
"Lam"|"Hamburger SV"|"Abwehr"|"230.000"|"4 (4)"|0|-4|"-1,00"|"-"|""|230000|4|"Hamburger SV"|"Lam"|0
"Langerak"|"Borussia Dortmund"|"Torwart"|"330.000"|"3 (3)"|0|12|"4,00"|"27.500"|""|330000|3|"Borussia Dortmund"|"Langerak"|0
"Lanig"|"Eintracht Frankfurt"|"Mittelfeld"|"340.000"|"19 (7)"|3|18|"2,57"|"18.889"|""|340000|19|"Eintracht Frankfurt"|"Lanig"|0
"Lasogga"|"Hertha BSC"|"Sturm"|"2.890.000"|"0 (0)"|0|0|"0,00"|"-"|""|2890000|0|"Hertha BSC"|"Lasogga"|0
"Later"|"Eintracht Braunschweig"|"Torwart"|"160.000"|"0 (0)"|0|0|"0,00"|"-"|""|160000|0|"Eintracht Braunschweig"|"Later"|0
"Leitner"|"VfB Stuttgart"|"Mittelfeld"|"4.790.000"|"25 (14)"|0|16|"1,14"|"299.375"|""|4790000|25|"VfB Stuttgart"|"Leitner"|0
"Leno"|"Bayer 04 Leverkusen"|"Torwart"|"2.620.000"|"32 (32)"|0|90|"2,81"|"29.111"|""|2620000|32|"Bayer 04 Leverkusen"|"Leno"|0
"Lewandowski"|"Borussia Dortmund"|"Sturm"|"14.370.000"|"31 (31)"|24|196|"6,32"|"73.316"|""|14370000|31|"Borussia Dortmund"|"Lewandowski"|0
"Lomb"|"Bayer 04 Leverkusen"|"Torwart"|"160.000"|"0 (0)"|0|0|"0,00"|"-"|""|160000|0|"Bayer 04 Leverkusen"|"Lomb"|0
"Luiz Gustavo"|"FC Bayern München"|"Mittelfeld"|"4.290.000"|"22 (19)"|4|90|"4,74"|"47.667"|""|4290000|22|"FC Bayern München"|"Luiz+Gustavo"|0
"Lukimya"|"SV Werder Bremen"|"Abwehr"|"650.000"|"22 (19)"|1|16|"0,84"|"40.625"|""|650000|22|"SV Werder Bremen"|"Lukimya"|0
"Lustenberger"|"Hertha BSC"|"Mittelfeld"|"1.500.000"|"0 (0)"|0|0|"0,00"|"-"|""|1500000|0|"Hertha BSC"|"Lustenberger"|0
"M. Caligiuri"|"Eintracht Braunschweig"|"Mittelfeld"|"1.280.000"|"22 (18)"|1|26|"1,44"|"49.231"|""|1280000|22|"Eintracht Braunschweig"|"M.+Caligiuri"|0
"M. de Jong"|"FC Augsburg"|"Abwehr"|"400.000"|"20 (16)"|1|17|"1,06"|"23.529"|""|4e+05|20|"FC Augsburg"|"M.+de+Jong"|0
"M. Diouf"|"Hannover 96"|"Sturm"|"8.880.000"|"28 (26)"|12|78|"3,00"|"113.846"|""|8880000|28|"Hannover 96"|"M.+Diouf"|0
"M. Götze"|"Hannover 96"|"Mittelfeld"|"12.840.000"|"28 (28)"|10|177|"6,32"|"72.542"|""|12840000|28|"Hannover 96"|"M.+Götze"|0
"M. Kruse"|"Borussia M'gladbach"|"Sturm"|"9.310.000"|"34 (34)"|11|165|"4,85"|"56.424"|""|9310000|34|"Borussia M'gladbach"|"M.+Kruse"|0
"M. Meyer"|"FC Schalke 04"|"Mittelfeld"|"2.610.000"|"5 (1)"|0|0|"0,00"|"-"|""|2610000|5|"FC Schalke 04"|"M.+Meyer"|0
"M. Petkovic"|"Eintracht Braunschweig"|"Torwart"|"270.000"|"0 (0)"|0|0|"0,00"|"-"|""|270000|0|"Eintracht Braunschweig"|"M.+Petkovic"|0
"M. Schäfer"|"Hannover 96"|"Abwehr"|"750.000"|"31 (24)"|0|16|"0,67"|"46.875"|""|750000|31|"Hannover 96"|"M.+Schäfer"|0
"M. Weiser"|"FC Bayern München"|"Mittelfeld"|"1.090.000"|"0 (0)"|0|0|"0,00"|"-"|""|1090000|0|"FC Bayern München"|"M.+Weiser"|0
"Mak"|"1. FC Nürnberg"|"Sturm"|"950.000"|"19 (13)"|1|23|"1,77"|"41.304"|""|950000|19|"1. FC Nürnberg"|"Mak"|0
"Makiadi"|"SV Werder Bremen"|"Mittelfeld"|"3.040.000"|"29 (26)"|3|74|"2,85"|"41.081"|""|3040000|29|"SV Werder Bremen"|"Makiadi"|0
"Malli"|"1. FSV Mainz 05"|"Mittelfeld"|"460.000"|"14 (9)"|1|8|"0,89"|"57.500"|""|460000|14|"1. FSV Mainz 05"|"Malli"|0
"Mancienne"|"Hamburger SV"|"Abwehr"|"320.000"|"21 (20)"|0|10|"0,50"|"32.000"|""|320000|21|"Hamburger SV"|"Mancienne"|0
"Mandzukic"|"FC Bayern München"|"Sturm"|"11.370.000"|"24 (23)"|15|117|"5,09"|"97.179"|""|11370000|24|"FC Bayern München"|"Mandzukic"|0
"Manninger"|"FC Augsburg"|"Torwart"|"1.340.000"|"12 (12)"|0|52|"4,33"|"25.769"|""|1340000|12|"FC Augsburg"|"Manninger"|0
"Marcos Antonio"|"1. FC Nürnberg"|"Abwehr"|"200.000"|"1 (0)"|0|0|"0,00"|"-"|""|2e+05|1|"1. FC Nürnberg"|"Marcos+Antonio"|0
"Marx"|"Borussia M'gladbach"|"Mittelfeld"|"680.000"|"23 (23)"|2|32|"1,39"|"21.250"|""|680000|23|"Borussia M'gladbach"|"Marx"|0
"Maxim"|"VfB Stuttgart"|"Mittelfeld"|"4.780.000"|"11 (9)"|1|28|"3,11"|"170.714"|""|4780000|11|"VfB Stuttgart"|"Maxim"|0
"Medojevic"|"VfL Wolfsburg"|"Mittelfeld"|"410.000"|"8 (6)"|0|4|"0,67"|"102.500"|""|410000|8|"VfL Wolfsburg"|"Medojevic"|0
"Meffert"|"Bayer 04 Leverkusen"|"Mittelfeld"|"160.000"|"0 (0)"|0|0|"0,00"|"-"|""|160000|0|"Bayer 04 Leverkusen"|"Meffert"|0
"Mendler"|"1. FC Nürnberg"|"Mittelfeld"|"240.000"|"3 (2)"|0|4|"2,00"|"60.000"|""|240000|3|"1. FC Nürnberg"|"Mendler"|0
"Mielitz"|"SV Werder Bremen"|"Torwart"|"1.370.000"|"34 (34)"|0|84|"2,47"|"16.310"|""|1370000|34|"SV Werder Bremen"|"Mielitz"|0
"Milik"|"Bayer 04 Leverkusen"|"Sturm"|"960.000"|"6 (0)"|0|0|"0,00"|"-"|""|960000|6|"Bayer 04 Leverkusen"|"Milik"|0
"Miller"|"Hannover 96"|"Torwart"|"160.000"|"0 (0)"|0|0|"0,00"|"-"|""|160000|0|"Hannover 96"|"Miller"|0
"Mkhitaryan"|"Borussia Dortmund"|"Mittelfeld"|"10.000.000"|"0 (0)"|0|0|"0,00"|"-"|""|1e+07|0|"Borussia Dortmund"|"Mkhitaryan"|0
"Mlapa"|"Borussia M'gladbach"|"Sturm"|"750.000"|"20 (9)"|2|20|"2,22"|"37.500"|""|750000|20|"Borussia M'gladbach"|"Mlapa"|0
"Modeste"|"1899 Hoffenheim"|"Sturm"|"2.500.000"|"0 (0)"|0|0|"0,00"|"-"|""|2500000|0|"1899 Hoffenheim"|"Modeste"|0
"Mölders"|"FC Augsburg"|"Sturm"|"2.950.000"|"24 (24)"|10|54|"2,25"|"54.630"|""|2950000|24|"FC Augsburg"|"Mölders"|0
"Molinaro"|"VfB Stuttgart"|"Abwehr"|"570.000"|"25 (21)"|0|22|"1,05"|"25.909"|""|570000|25|"VfB Stuttgart"|"Molinaro"|0
"Moravek"|"FC Augsburg"|"Mittelfeld"|"550.000"|"21 (19)"|1|14|"0,74"|"39.286"|""|550000|21|"FC Augsburg"|"Moravek"|0
"Moritz"|"1. FSV Mainz 05"|"Mittelfeld"|"1.070.000"|"6 (2)"|0|-4|"-2,00"|"-"|""|1070000|6|"1. FSV Mainz 05"|"Moritz"|0
"Mujdza"|"SC Freiburg"|"Abwehr"|"730.000"|"23 (21)"|0|34|"1,62"|"21.471"|""|730000|23|"SC Freiburg"|"Mujdza"|0
"Mukhtar"|"Hertha BSC"|"Mittelfeld"|"610.000"|"0 (0)"|0|0|"0,00"|"-"|""|610000|0|"Hertha BSC"|"Mukhtar"|0
"Mwene"|"VfB Stuttgart"|"Abwehr"|"160.000"|"0 (0)"|0|0|"0,00"|"-"|""|160000|0|"VfB Stuttgart"|"Mwene"|0
"N. Müller"|"Hannover 96"|"Mittelfeld"|"4.810.000"|"32 (31)"|8|98|"3,16"|"49.082"|""|4810000|32|"Hannover 96"|"N.+Müller"|0
"N. Schulz"|"Hertha BSC"|"Mittelfeld"|"410.000"|"0 (0)"|0|0|"0,00"|"-"|""|410000|0|"Hertha BSC"|"N.+Schulz"|0
"N. Stark"|"1. FC Nürnberg"|"Mittelfeld"|"330.000"|"3 (3)"|0|2|"0,67"|"165.000"|""|330000|3|"1. FC Nürnberg"|"N.+Stark"|0
"N. Weber"|"1. FC Nürnberg"|"Sturm"|"160.000"|"0 (0)"|0|0|"0,00"|"-"|""|160000|0|"1. FC Nürnberg"|"N.+Weber"|0
"Naldo"|"VfL Wolfsburg"|"Abwehr"|"7.560.000"|"31 (31)"|6|132|"4,26"|"57.273"|""|7560000|31|"VfL Wolfsburg"|"Naldo"|0
"Ndjeng"|"Hertha BSC"|"Mittelfeld"|"1.230.000"|"0 (0)"|0|0|"0,00"|"-"|""|1230000|0|"Hertha BSC"|"Ndjeng"|0
"Nebihi"|"FC Augsburg"|"Sturm"|"170.000"|"0 (0)"|0|0|"0,00"|"-"|""|170000|0|"FC Augsburg"|"Nebihi"|0
"Neuer"|"FC Bayern München"|"Torwart"|"2.610.000"|"31 (31)"|0|102|"3,29"|"25.588"|""|2610000|31|"FC Bayern München"|"Neuer"|0
"Neuhaus"|"Hamburger SV"|"Torwart"|"160.000"|"0 (0)"|0|0|"0,00"|"-"|""|160000|0|"Hamburger SV"|"Neuhaus"|0
"Neustädter"|"FC Schalke 04"|"Mittelfeld"|"3.860.000"|"31 (31)"|3|62|"2,00"|"62.258"|""|3860000|31|"FC Schalke 04"|"Neustädter"|0
"Niedermeier"|"VfB Stuttgart"|"Abwehr"|"2.750.000"|"27 (25)"|1|56|"2,24"|"49.107"|""|2750000|27|"VfB Stuttgart"|"Niedermeier"|0
"Niemeyer"|"Hertha BSC"|"Mittelfeld"|"1.430.000"|"0 (0)"|0|0|"0,00"|"-"|""|1430000|0|"Hertha BSC"|"Niemeyer"|0
"Nikci"|"Hannover 96"|"Mittelfeld"|"240.000"|"4 (2)"|1|2|"1,00"|"120.000"|""|240000|4|"Hannover 96"|"Nikci"|0
"Nilsson"|"1. FC Nürnberg"|"Abwehr"|"3.640.000"|"29 (29)"|6|92|"3,17"|"39.565"|""|3640000|29|"1. FC Nürnberg"|"Nilsson"|0
"Nordtveit"|"Borussia M'gladbach"|"Mittelfeld"|"2.910.000"|"31 (29)"|1|62|"2,14"|"46.935"|""|2910000|31|"Borussia M'gladbach"|"Nordtveit"|0
"Nörgaard"|"Hamburger SV"|"Mittelfeld"|"160.000"|"0 (0)"|0|0|"0,00"|"-"|""|160000|0|"Hamburger SV"|"Nörgaard"|0
"Noveski"|"1. FSV Mainz 05"|"Abwehr"|"3.140.000"|"32 (32)"|2|88|"2,75"|"35.682"|""|3140000|32|"1. FSV Mainz 05"|"Noveski"|0
"O. Aydin"|"Bayer 04 Leverkusen"|"Sturm"|"170.000"|"1 (0)"|0|0|"0,00"|"-"|""|170000|1|"Bayer 04 Leverkusen"|"O.+Aydin"|0
"Obasi"|"FC Schalke 04"|"Sturm"|"330.000"|"4 (2)"|0|-8|"-4,00"|"-"|""|330000|4|"FC Schalke 04"|"Obasi"|0
"Oczipka"|"Eintracht Frankfurt"|"Abwehr"|"2.680.000"|"33 (33)"|0|76|"2,30"|"35.263"|""|2680000|33|"Eintracht Frankfurt"|"Oczipka"|0
"Oehrl"|"Eintracht Braunschweig"|"Sturm"|"680.000"|"27 (17)"|1|-11|"-0,65"|"-"|""|680000|27|"Eintracht Braunschweig"|"Oehrl"|0
"Okazaki"|"1. FSV Mainz 05"|"Sturm"|"2.540.000"|"25 (13)"|1|-13|"-1,00"|"-"|""|2540000|25|"1. FSV Mainz 05"|"Okazaki"|0
"Olic"|"VfL Wolfsburg"|"Sturm"|"3.510.000"|"32 (32)"|9|49|"1,53"|"71.633"|""|3510000|32|"VfL Wolfsburg"|"Olic"|0
"Ostrzolek"|"FC Augsburg"|"Abwehr"|"650.000"|"25 (23)"|0|34|"1,48"|"19.118"|""|650000|25|"FC Augsburg"|"Ostrzolek"|0
"Ottl"|"FC Augsburg"|"Mittelfeld"|"250.000"|"13 (10)"|0|-2|"-0,20"|"-"|""|250000|13|"FC Augsburg"|"Ottl"|0
"Öztunali"|"Bayer 04 Leverkusen"|"Mittelfeld"|"700.000"|"0 (0)"|0|0|"0,00"|"-"|""|7e+05|0|"Bayer 04 Leverkusen"|"Öztunali"|0
"P. Herrmann"|"Borussia M'gladbach"|"Mittelfeld"|"6.490.000"|"32 (32)"|6|80|"2,50"|"81.125"|""|6490000|32|"Borussia M'gladbach"|"P.+Herrmann"|0
"P. Hofmann"|"FC Schalke 04"|"Sturm"|"470.000"|"0 (0)"|0|0|"0,00"|"-"|""|470000|0|"FC Schalke 04"|"P.+Hofmann"|0
"P. Jensen"|"1899 Hoffenheim"|"Abwehr"|"250.000"|"2 (2)"|0|0|"0,00"|"-"|""|250000|2|"1899 Hoffenheim"|"P.+Jensen"|0
"P. Ochs"|"VfL Wolfsburg"|"Mittelfeld"|"330.000"|"12 (10)"|0|-14|"-1,40"|"-"|""|330000|12|"VfL Wolfsburg"|"P.+Ochs"|0
"P. Stevanovic"|"SV Werder Bremen"|"Mittelfeld"|"160.000"|"0 (0)"|0|0|"0,00"|"-"|""|160000|0|"SV Werder Bremen"|"P.+Stevanovic"|0
"Palop"|"Bayer 04 Leverkusen"|"Torwart"|"200.000"|"0 (0)"|0|0|"0,00"|"-"|""|2e+05|0|"Bayer 04 Leverkusen"|"Palop"|0
"Pander"|"Hannover 96"|"Abwehr"|"460.000"|"18 (13)"|0|-10|"-0,77"|"-"|""|460000|18|"Hannover 96"|"Pander"|0
"Parker"|"1. FSV Mainz 05"|"Sturm"|"1.520.000"|"16 (14)"|3|0|"0,00"|"-"|""|1520000|16|"1. FSV Mainz 05"|"Parker"|0
"Parkhurst"|"FC Augsburg"|"Abwehr"|"170.000"|"2 (2)"|0|4|"2,00"|"42.500"|""|170000|2|"FC Augsburg"|"Parkhurst"|0
"Paterok"|"1899 Hoffenheim"|"Torwart"|"170.000"|"0 (0)"|0|0|"0,00"|"-"|""|170000|0|"1899 Hoffenheim"|"Paterok"|0
"Pavlovic"|"SV Werder Bremen"|"Abwehr"|"350.000"|"4 (4)"|0|-6|"-1,50"|"-"|""|350000|4|"SV Werder Bremen"|"Pavlovic"|0
"Pekarik"|"Hertha BSC"|"Abwehr"|"1.080.000"|"0 (0)"|0|0|"0,00"|"-"|""|1080000|0|"Hertha BSC"|"Pekarik"|0
"Pekhart"|"1. FC Nürnberg"|"Sturm"|"540.000"|"31 (28)"|4|4|"0,14"|"135.000"|""|540000|31|"1. FC Nürnberg"|"Pekhart"|0
"Perisic"|"VfL Wolfsburg"|"Mittelfeld"|"3.660.000"|"25 (17)"|4|36|"2,12"|"101.667"|""|3660000|25|"VfL Wolfsburg"|"Perisic"|0
"Perrey"|"Bayer 04 Leverkusen"|"Abwehr"|"160.000"|"0 (0)"|0|0|"0,00"|"-"|""|160000|0|"Bayer 04 Leverkusen"|"Perrey"|0
"Perthel"|"Eintracht Braunschweig"|"Mittelfeld"|"300.000"|"0 (0)"|0|0|"0,00"|"-"|""|3e+05|0|"Eintracht Braunschweig"|"Perthel"|0
"Petersen"|"SV Werder Bremen"|"Sturm"|"4.670.000"|"34 (34)"|11|43|"1,26"|"108.605"|""|4670000|34|"SV Werder Bremen"|"Petersen"|0
"Pfitzner"|"Eintracht Braunschweig"|"Mittelfeld"|"250.000"|"0 (0)"|0|0|"0,00"|"-"|""|250000|0|"Eintracht Braunschweig"|"Pfitzner"|0
"Philp"|"FC Augsburg"|"Abwehr"|"300.000"|"4 (4)"|0|6|"1,50"|"50.000"|""|3e+05|4|"FC Augsburg"|"Philp"|0
"Pilar"|"SC Freiburg"|"Sturm"|"2.410.000"|"0 (0)"|0|0|"0,00"|"-"|""|2410000|0|"SC Freiburg"|"Pilar"|0
"Pinola"|"1. FC Nürnberg"|"Abwehr"|"520.000"|"28 (28)"|0|12|"0,43"|"43.333"|""|520000|28|"1. FC Nürnberg"|"Pinola"|0
"Piszczek"|"Borussia Dortmund"|"Abwehr"|"3.510.000"|"29 (29)"|2|112|"3,86"|"31.339"|""|3510000|29|"Borussia Dortmund"|"Piszczek"|1
"Pizarro"|"FC Bayern München"|"Sturm"|"5.670.000"|"20 (9)"|6|54|"6,00"|"105.000"|""|5670000|20|"FC Bayern München"|"Pizarro"|0
"Plattenhardt"|"1. FC Nürnberg"|"Abwehr"|"450.000"|"14 (11)"|1|9|"0,82"|"50.000"|""|450000|14|"1. FC Nürnberg"|"Plattenhardt"|0
"Pocognoli"|"Hannover 96"|"Abwehr"|"580.000"|"11 (10)"|0|-4|"-0,40"|"-"|""|580000|11|"Hannover 96"|"Pocognoli"|0
"Pogatetz"|"1. FC Nürnberg"|"Abwehr"|"2.240.000"|"8 (8)"|0|-10|"-1,25"|"-"|""|2240000|8|"1. FC Nürnberg"|"Pogatetz"|0
"Polak"|"VfL Wolfsburg"|"Mittelfeld"|"1.780.000"|"27 (26)"|1|48|"1,85"|"37.083"|""|1780000|27|"VfL Wolfsburg"|"Polak"|0
"Polanski"|"1899 Hoffenheim"|"Mittelfeld"|"620.000"|"23 (19)"|0|12|"0,63"|"51.667"|""|620000|23|"1899 Hoffenheim"|"Polanski"|0
"Polter"|"1. FSV Mainz 05"|"Sturm"|"2.280.000"|"26 (17)"|5|19|"1,12"|"120.000"|""|2280000|26|"1. FSV Mainz 05"|"Polter"|0
"Pospech"|"1. FSV Mainz 05"|"Abwehr"|"1.910.000"|"33 (32)"|1|65|"2,03"|"29.385"|""|1910000|33|"1. FSV Mainz 05"|"Pospech"|0
"Prib"|"Hannover 96"|"Mittelfeld"|"2.630.000"|"27 (27)"|3|22|"0,81"|"119.545"|""|2630000|27|"Hannover 96"|"Prib"|0
"Prödl"|"SV Werder Bremen"|"Abwehr"|"510.000"|"28 (23)"|1|-1|"-0,04"|"-"|""|510000|28|"SV Werder Bremen"|"Prödl"|0
"Pukki"|"FC Schalke 04"|"Sturm"|"1.010.000"|"17 (11)"|3|23|"2,09"|"43.913"|""|1010000|17|"FC Schalke 04"|"Pukki"|0
"R. Adler"|"Hamburger SV"|"Torwart"|"3.000.000"|"32 (32)"|0|144|"4,50"|"20.833"|""|3e+06|32|"Hamburger SV"|"R.+Adler"|0
"R. Khedira"|"VfB Stuttgart"|"Mittelfeld"|"440.000"|"0 (0)"|0|0|"0,00"|"-"|""|440000|0|"VfB Stuttgart"|"R.+Khedira"|0
"R. Kruse"|"Bayer 04 Leverkusen"|"Sturm"|"3.350.000"|"30 (30)"|4|60|"2,00"|"55.833"|""|3350000|30|"Bayer 04 Leverkusen"|"R.+Kruse"|0
"R. Schäfer"|"Hannover 96"|"Torwart"|"1.800.000"|"31 (31)"|0|118|"3,81"|"15.254"|""|1800000|31|"Hannover 96"|"R.+Schäfer"|1
"R. Wolf"|"SV Werder Bremen"|"Torwart"|"160.000"|"0 (0)"|0|0|"0,00"|"-"|""|160000|0|"SV Werder Bremen"|"R.+Wolf"|0
"Raeder"|"FC Bayern München"|"Torwart"|"160.000"|"0 (0)"|0|0|"0,00"|"-"|""|160000|0|"FC Bayern München"|"Raeder"|0
"Raffael"|"Borussia M'gladbach"|"Mittelfeld"|"6.760.000"|"16 (13)"|2|39|"3,00"|"173.333"|""|6760000|16|"Borussia M'gladbach"|"Raffael"|0
"Rafinha"|"FC Bayern München"|"Abwehr"|"1.110.000"|"13 (8)"|2|21|"2,63"|"52.857"|""|1110000|13|"FC Bayern München"|"Rafinha"|0
"Rajkovic"|"Hamburger SV"|"Abwehr"|"350.000"|"13 (9)"|0|6|"0,67"|"58.333"|""|350000|13|"Hamburger SV"|"Rajkovic"|0
"Rakovsky"|"1. FC Nürnberg"|"Torwart"|"180.000"|"4 (4)"|0|6|"1,50"|"30.000"|""|180000|4|"1. FC Nürnberg"|"Rakovsky"|0
"Ramos"|"Hertha BSC"|"Sturm"|"4.290.000"|"0 (0)"|0|0|"0,00"|"-"|""|4290000|0|"Hertha BSC"|"Ramos"|0
"Rausch"|"VfB Stuttgart"|"Abwehr"|"2.330.000"|"30 (29)"|3|29|"1,00"|"80.345"|""|2330000|30|"VfB Stuttgart"|"Rausch"|0
"Reichel"|"Eintracht Braunschweig"|"Abwehr"|"540.000"|"0 (0)"|0|0|"0,00"|"-"|""|540000|0|"Eintracht Braunschweig"|"Reichel"|0
"Reinartz"|"Bayer 04 Leverkusen"|"Mittelfeld"|"4.010.000"|"29 (29)"|3|88|"3,03"|"45.568"|""|4010000|29|"Bayer 04 Leverkusen"|"Reinartz"|0
"Reus"|"Borussia Dortmund"|"Mittelfeld"|"14.620.000"|"32 (30)"|14|174|"5,80"|"84.023"|""|14620000|32|"Borussia Dortmund"|"Reus"|0
"Ribéry"|"FC Bayern München"|"Mittelfeld"|"14.650.000"|"27 (26)"|10|224|"8,62"|"65.402"|""|14650000|27|"FC Bayern München"|"Ribéry"|0
"Rincon"|"Hamburger SV"|"Mittelfeld"|"280.000"|"20 (15)"|0|6|"0,40"|"46.667"|""|280000|20|"Hamburger SV"|"Rincon"|0
"Robben"|"FC Bayern München"|"Mittelfeld"|"10.720.000"|"16 (15)"|5|86|"5,73"|"124.651"|""|10720000|16|"FC Bayern München"|"Robben"|0
"Rode"|"Eintracht Frankfurt"|"Mittelfeld"|"5.760.000"|"33 (33)"|0|108|"3,27"|"53.333"|""|5760000|33|"Eintracht Frankfurt"|"Rode"|0
"Rodríguez"|"VfL Wolfsburg"|"Abwehr"|"1.840.000"|"24 (20)"|0|14|"0,70"|"131.429"|""|1840000|24|"VfL Wolfsburg"|"Rodríguez"|0
"Rojas"|"VfB Stuttgart"|"Sturm"|"1.800.000"|"0 (0)"|0|0|"0,00"|"-"|""|1800000|0|"VfB Stuttgart"|"Rojas"|0
"Rolfes"|"Bayer 04 Leverkusen"|"Mittelfeld"|"4.690.000"|"30 (28)"|3|86|"3,07"|"54.535"|""|4690000|30|"Bayer 04 Leverkusen"|"Rolfes"|0
"Ronny"|"Hertha BSC"|"Mittelfeld"|"4.360.000"|"0 (0)"|0|0|"0,00"|"-"|""|4360000|0|"Hertha BSC"|"Ronny"|0
"Rosenthal"|"Eintracht Frankfurt"|"Mittelfeld"|"2.580.000"|"20 (20)"|4|47|"2,35"|"54.894"|""|2580000|20|"Eintracht Frankfurt"|"Rosenthal"|0
"Rüdiger"|"VfB Stuttgart"|"Abwehr"|"720.000"|"16 (11)"|0|-6|"-0,55"|"-"|""|720000|16|"VfB Stuttgart"|"Rüdiger"|0
"Rudnevs"|"Hamburger SV"|"Sturm"|"2.980.000"|"34 (31)"|12|34|"1,10"|"87.647"|""|2980000|34|"Hamburger SV"|"Rudnevs"|0
"Rudy"|"1899 Hoffenheim"|"Mittelfeld"|"1.360.000"|"23 (22)"|0|16|"0,73"|"85.000"|""|1360000|23|"1899 Hoffenheim"|"Rudy"|0
"Rukavytsya"|"1. FSV Mainz 05"|"Sturm"|"240.000"|"8 (7)"|0|-12|"-1,71"|"-"|""|240000|8|"1. FSV Mainz 05"|"Rukavytsya"|0
"Rupp"|"Eintracht Braunschweig"|"Mittelfeld"|"220.000"|"21 (15)"|0|-16|"-1,07"|"-"|""|220000|21|"Eintracht Braunschweig"|"Rupp"|0
"Russ"|"Eintracht Frankfurt"|"Abwehr"|"1.370.000"|"10 (7)"|1|23|"3,29"|"59.565"|""|1370000|10|"Eintracht Frankfurt"|"Russ"|0
"S. Bender"|"Borussia Dortmund"|"Mittelfeld"|"5.930.000"|"20 (15)"|1|58|"3,87"|"102.241"|""|5930000|20|"Borussia Dortmund"|"S.+Bender"|0
"S. Langkamp"|"Hertha BSC"|"Abwehr"|"390.000"|"11 (11)"|0|-12|"-1,09"|"-"|""|390000|11|"Hertha BSC"|"S.+Langkamp"|0
"Sahar"|"Hertha BSC"|"Sturm"|"320.000"|"0 (0)"|0|0|"0,00"|"-"|""|320000|0|"Hertha BSC"|"Sahar"|0
"Sahin"|"Borussia Dortmund"|"Mittelfeld"|"8.280.000"|"15 (10)"|3|40|"4,00"|"207.000"|""|8280000|15|"Borussia Dortmund"|"Sahin"|0
"Sala"|"Hamburger SV"|"Mittelfeld"|"260.000"|"8 (2)"|0|-8|"-4,00"|"-"|""|260000|8|"Hamburger SV"|"Sala"|0
"Salihovic"|"1899 Hoffenheim"|"Mittelfeld"|"4.180.000"|"20 (17)"|7|35|"2,06"|"119.429"|""|4180000|20|"1899 Hoffenheim"|"Salihovic"|0
"Sam"|"Bayer 04 Leverkusen"|"Sturm"|"5.020.000"|"22 (17)"|5|67|"3,94"|"74.925"|""|5020000|22|"Bayer 04 Leverkusen"|"Sam"|0
"Sané"|"Hannover 96"|"Abwehr"|"2.380.000"|"0 (0)"|0|0|"0,00"|"-"|""|2380000|0|"Hannover 96"|"Sané"|0
"Sararer"|"VfB Stuttgart"|"Sturm"|"750.000"|"22 (21)"|1|-15|"-0,71"|"-"|""|750000|22|"VfB Stuttgart"|"Sararer"|0
"Sassi"|"1899 Hoffenheim"|"Mittelfeld"|"160.000"|"0 (0)"|0|0|"0,00"|"-"|""|160000|0|"1899 Hoffenheim"|"Sassi"|0
"Schahin"|"1. FSV Mainz 05"|"Sturm"|"2.260.000"|"31 (24)"|8|42|"1,75"|"53.810"|""|2260000|31|"1. FSV Mainz 05"|"Schahin"|0
"Scharner"|"Hamburger SV"|"Abwehr"|"260.000"|"4 (1)"|0|-7|"-7,00"|"-"|""|260000|4|"Hamburger SV"|"Scharner"|0
"Scheidhauer"|"VfL Wolfsburg"|"Sturm"|"160.000"|"0 (0)"|0|0|"0,00"|"-"|""|160000|0|"VfL Wolfsburg"|"Scheidhauer"|0
"Schieber"|"Borussia Dortmund"|"Sturm"|"1.250.000"|"23 (13)"|3|8|"0,62"|"156.250"|""|1250000|23|"Borussia Dortmund"|"Schieber"|0
"Schipplock"|"1899 Hoffenheim"|"Sturm"|"1.590.000"|"16 (11)"|5|33|"3,00"|"48.182"|""|1590000|16|"1899 Hoffenheim"|"Schipplock"|0
"Schlaudraff"|"Hannover 96"|"Sturm"|"1.670.000"|"30 (26)"|2|34|"1,31"|"49.118"|""|1670000|30|"Hannover 96"|"Schlaudraff"|0
"Schmelzer"|"Borussia Dortmund"|"Abwehr"|"4.620.000"|"29 (29)"|0|72|"2,48"|"64.167"|""|4620000|29|"Borussia Dortmund"|"Schmelzer"|0
"Schmid"|"SC Freiburg"|"Mittelfeld"|"5.180.000"|"33 (33)"|11|124|"3,76"|"41.774"|""|5180000|33|"SC Freiburg"|"Schmid"|0
"Schmiedebach"|"Hannover 96"|"Mittelfeld"|"500.000"|"21 (17)"|0|20|"1,18"|"25.000"|""|5e+05|21|"Hannover 96"|"Schmiedebach"|0
"Schmitz"|"SV Werder Bremen"|"Abwehr"|"380.000"|"23 (21)"|0|-3|"-0,14"|"-"|""|380000|23|"SV Werder Bremen"|"Schmitz"|0
"Schorr"|"1899 Hoffenheim"|"Abwehr"|"230.000"|"1 (1)"|0|0|"0,00"|"-"|""|230000|1|"1899 Hoffenheim"|"Schorr"|0
"Schröck"|"Eintracht Frankfurt"|"Mittelfeld"|"410.000"|"10 (8)"|0|-19|"-2,38"|"-"|""|410000|10|"Eintracht Frankfurt"|"Schröck"|0
"Schuster"|"SC Freiburg"|"Mittelfeld"|"3.550.000"|"31 (31)"|1|82|"2,65"|"43.293"|""|3550000|31|"SC Freiburg"|"Schuster"|0
"Schwaab"|"VfB Stuttgart"|"Abwehr"|"1.930.000"|"16 (9)"|0|26|"2,89"|"74.231"|""|1930000|16|"VfB Stuttgart"|"Schwaab"|0
"Schwegler"|"Eintracht Frankfurt"|"Mittelfeld"|"5.760.000"|"27 (26)"|2|96|"3,69"|"60.000"|""|5760000|27|"Eintracht Frankfurt"|"Schwegler"|0
"Schweinsteiger"|"FC Bayern München"|"Mittelfeld"|"11.490.000"|"28 (27)"|7|176|"6,52"|"65.284"|""|11490000|28|"FC Bayern München"|"Schweinsteiger"|0
"Schwolow"|"SC Freiburg"|"Torwart"|"160.000"|"0 (0)"|0|0|"0,00"|"-"|""|160000|0|"SC Freiburg"|"Schwolow"|0
"Selassie"|"SV Werder Bremen"|"Abwehr"|"1.360.000"|"27 (25)"|1|29|"1,16"|"46.897"|""|1360000|27|"SV Werder Bremen"|"Selassie"|0
"Shaqiri"|"FC Bayern München"|"Mittelfeld"|"6.760.000"|"26 (21)"|4|110|"5,24"|"61.455"|""|6760000|26|"FC Bayern München"|"Shaqiri"|0
"Sio"|"VfL Wolfsburg"|"Sturm"|"410.000"|"6 (4)"|0|-6|"-1,50"|"-"|""|410000|6|"VfL Wolfsburg"|"Sio"|0
"Skjelbred"|"Hamburger SV"|"Mittelfeld"|"280.000"|"18 (17)"|0|-6|"-0,35"|"-"|""|280000|18|"Hamburger SV"|"Skjelbred"|0
"Sokratis"|"Borussia Dortmund"|"Abwehr"|"5.410.000"|"29 (29)"|1|69|"2,38"|"78.406"|""|5410000|29|"Borussia Dortmund"|"Sokratis"|0
"Son"|"Eintracht Frankfurt"|"Sturm"|"8.600.000"|"33 (32)"|12|50|"1,56"|"172.000"|""|8600000|33|"Eintracht Frankfurt"|"Son"|0
"Sorg"|"SC Freiburg"|"Abwehr"|"1.910.000"|"32 (32)"|0|50|"1,56"|"38.200"|""|1910000|32|"SC Freiburg"|"Sorg"|0
"Soto"|"1. FSV Mainz 05"|"Mittelfeld"|"1.290.000"|"28 (25)"|1|48|"1,92"|"26.875"|""|1290000|28|"1. FSV Mainz 05"|"Soto"|1
"Spahic"|"Bayer 04 Leverkusen"|"Abwehr"|"3.520.000"|"0 (0)"|0|0|"0,00"|"-"|""|3520000|0|"Bayer 04 Leverkusen"|"Spahic"|0
"Sprint"|"Hertha BSC"|"Torwart"|"160.000"|"0 (0)"|0|0|"0,00"|"-"|""|160000|0|"Hertha BSC"|"Sprint"|0
"Stafylidis"|"Bayer 04 Leverkusen"|"Abwehr"|"2.380.000"|"0 (0)"|0|0|"0,00"|"-"|""|2380000|0|"Bayer 04 Leverkusen"|"Stafylidis"|0
"Starke"|"FC Bayern München"|"Torwart"|"290.000"|"3 (3)"|0|10|"3,33"|"29.000"|""|290000|3|"FC Bayern München"|"Starke"|0
"Steinmann"|"Hamburger SV"|"Mittelfeld"|"160.000"|"0 (0)"|0|0|"0,00"|"-"|""|160000|0|"Hamburger SV"|"Steinmann"|0
"Stendera"|"Eintracht Frankfurt"|"Mittelfeld"|"1.440.000"|"5 (3)"|0|8|"2,67"|"180.000"|""|1440000|5|"Eintracht Frankfurt"|"Stendera"|0
"Stepinski"|"1. FC Nürnberg"|"Sturm"|"560.000"|"0 (0)"|0|0|"0,00"|"-"|""|560000|0|"1. FC Nürnberg"|"Stepinski"|0
"Stindl"|"Hannover 96"|"Mittelfeld"|"2.980.000"|"18 (18)"|2|42|"2,33"|"70.952"|""|2980000|18|"Hannover 96"|"Stindl"|0
"Stranzl"|"Borussia M'gladbach"|"Abwehr"|"5.060.000"|"26 (26)"|5|103|"3,96"|"49.126"|""|5060000|26|"Borussia M'gladbach"|"Stranzl"|0
"Strebinger"|"SV Werder Bremen"|"Torwart"|"180.000"|"0 (0)"|0|0|"0,00"|"-"|""|180000|0|"SV Werder Bremen"|"Strebinger"|0
"Streker"|"1899 Hoffenheim"|"Mittelfeld"|"160.000"|"4 (3)"|0|-8|"-2,67"|"-"|""|160000|4|"1899 Hoffenheim"|"Streker"|0
"Stritzel"|"Hamburger SV"|"Torwart"|"160.000"|"0 (0)"|0|0|"0,00"|"-"|""|160000|0|"Hamburger SV"|"Stritzel"|0
"Strobl"|"1899 Hoffenheim"|"Mittelfeld"|"300.000"|"0 (0)"|0|0|"0,00"|"-"|""|3e+05|0|"1899 Hoffenheim"|"Strobl"|0
"Subotic"|"Borussia Dortmund"|"Abwehr"|"7.200.000"|"25 (25)"|3|87|"3,48"|"82.759"|""|7200000|25|"Borussia Dortmund"|"Subotic"|0
"Süle"|"1899 Hoffenheim"|"Abwehr"|"310.000"|"2 (1)"|0|-2|"-2,00"|"-"|""|310000|2|"1899 Hoffenheim"|"Süle"|0
"Svensson"|"1. FSV Mainz 05"|"Abwehr"|"450.000"|"25 (25)"|0|36|"1,44"|"12.500"|""|450000|25|"1. FSV Mainz 05"|"Svensson"|1
"Szalai"|"FC Schalke 04"|"Sturm"|"6.050.000"|"29 (28)"|13|85|"3,04"|"71.176"|""|6050000|29|"FC Schalke 04"|"Szalai"|0
"Szarka"|"1899 Hoffenheim"|"Abwehr"|"270.000"|"1 (1)"|0|0|"0,00"|"-"|""|270000|1|"1899 Hoffenheim"|"Szarka"|0
"T. Klose"|"VfL Wolfsburg"|"Abwehr"|"4.380.000"|"32 (32)"|2|82|"2,56"|"53.415"|""|4380000|32|"VfL Wolfsburg"|"T.+Klose"|0
"T. Kroos"|"FC Bayern München"|"Mittelfeld"|"9.700.000"|"24 (24)"|6|142|"5,92"|"68.310"|""|9700000|24|"FC Bayern München"|"T.+Kroos"|0
"T. Müller"|"Hannover 96"|"Mittelfeld"|"11.910.000"|"28 (27)"|13|176|"6,52"|"67.670"|""|11910000|28|"Hannover 96"|"T.+Müller"|0
"Tah"|"Hamburger SV"|"Abwehr"|"590.000"|"0 (0)"|0|0|"0,00"|"-"|""|590000|0|"Hamburger SV"|"Tah"|0
"Tasci"|"VfB Stuttgart"|"Abwehr"|"2.150.000"|"25 (25)"|0|36|"1,44"|"59.722"|""|2150000|25|"VfB Stuttgart"|"Tasci"|0
"ter Stegen"|"Borussia M'gladbach"|"Torwart"|"3.150.000"|"34 (34)"|0|104|"3,06"|"30.288"|""|3150000|34|"Borussia M'gladbach"|"ter+Stegen"|0
"Terrazzino"|"SC Freiburg"|"Sturm"|"210.000"|"6 (4)"|1|1|"0,25"|"210.000"|""|210000|6|"SC Freiburg"|"Terrazzino"|0
"Tesche"|"Hamburger SV"|"Mittelfeld"|"250.000"|"18 (15)"|0|18|"1,20"|"13.889"|""|250000|18|"Hamburger SV"|"Tesche"|0
"Thesker"|"1899 Hoffenheim"|"Abwehr"|"520.000"|"4 (3)"|0|0|"0,00"|"-"|""|520000|4|"1899 Hoffenheim"|"Thesker"|0
"Theuerkauf"|"Eintracht Braunschweig"|"Mittelfeld"|"490.000"|"0 (0)"|0|0|"0,00"|"-"|""|490000|0|"Eintracht Braunschweig"|"Theuerkauf"|0
"Toprak"|"Bayer 04 Leverkusen"|"Abwehr"|"4.840.000"|"26 (25)"|1|83|"3,32"|"58.313"|""|4840000|26|"Bayer 04 Leverkusen"|"Toprak"|0
"Torun"|"VfB Stuttgart"|"Mittelfeld"|"240.000"|"9 (9)"|0|-14|"-1,56"|"-"|""|240000|9|"VfB Stuttgart"|"Torun"|0
"Traore"|"VfB Stuttgart"|"Mittelfeld"|"4.380.000"|"32 (31)"|3|78|"2,52"|"56.154"|""|4380000|32|"VfB Stuttgart"|"Traore"|0
"Trapp"|"Eintracht Frankfurt"|"Torwart"|"3.390.000"|"26 (26)"|0|130|"5,00"|"26.077"|""|3390000|26|"Eintracht Frankfurt"|"Trapp"|0
"Träsch"|"VfL Wolfsburg"|"Mittelfeld"|"1.100.000"|"17 (14)"|0|18|"1,29"|"61.111"|""|1100000|17|"VfL Wolfsburg"|"Träsch"|0
"Trybull"|"SV Werder Bremen"|"Mittelfeld"|"240.000"|"4 (4)"|0|2|"0,50"|"120.000"|""|240000|4|"SV Werder Bremen"|"Trybull"|0
"Uchida"|"FC Schalke 04"|"Abwehr"|"1.590.000"|"24 (24)"|1|41|"1,71"|"38.780"|""|1590000|24|"FC Schalke 04"|"Uchida"|0
"Uhde"|"FC Augsburg"|"Abwehr"|"160.000"|"0 (0)"|0|0|"0,00"|"-"|""|160000|0|"FC Augsburg"|"Uhde"|0
"Ulreich"|"VfB Stuttgart"|"Torwart"|"2.340.000"|"34 (34)"|0|122|"3,59"|"19.180"|""|2340000|34|"VfB Stuttgart"|"Ulreich"|0
"Unnerstall"|"FC Schalke 04"|"Torwart"|"410.000"|"13 (13)"|0|30|"2,31"|"13.667"|""|410000|13|"FC Schalke 04"|"Unnerstall"|0
"Uphoff"|"1. FC Nürnberg"|"Torwart"|"160.000"|"0 (0)"|0|0|"0,00"|"-"|""|160000|0|"1. FC Nürnberg"|"Uphoff"|0
"van Buyten"|"FC Bayern München"|"Abwehr"|"2.100.000"|"13 (12)"|0|44|"3,67"|"47.727"|""|2100000|13|"FC Bayern München"|"van+Buyten"|0
"van den Bergh"|"Hertha BSC"|"Abwehr"|"470.000"|"33 (33)"|0|18|"0,55"|"26.111"|""|470000|33|"Hertha BSC"|"van+den+Bergh"|0
"van der Vaart"|"Hamburger SV"|"Mittelfeld"|"7.620.000"|"27 (27)"|5|63|"2,33"|"120.952"|""|7620000|27|"Hamburger SV"|"van+der+Vaart"|0
"Verhaegh"|"FC Augsburg"|"Abwehr"|"900.000"|"17 (17)"|0|34|"2,00"|"26.471"|""|9e+05|17|"FC Augsburg"|"Verhaegh"|0
"Vestergaard"|"1899 Hoffenheim"|"Abwehr"|"1.380.000"|"16 (15)"|0|14|"0,93"|"98.571"|""|1380000|16|"1899 Hoffenheim"|"Vestergaard"|0
"Vieirinha"|"VfL Wolfsburg"|"Mittelfeld"|"2.310.000"|"27 (27)"|1|36|"1,33"|"64.167"|""|2310000|27|"VfL Wolfsburg"|"Vieirinha"|0
"Vlachodimos"|"FC Augsburg"|"Mittelfeld"|"720.000"|"0 (0)"|0|0|"0,00"|"-"|""|720000|0|"FC Augsburg"|"Vlachodimos"|0
"Vogt"|"FC Augsburg"|"Mittelfeld"|"430.000"|"28 (26)"|1|20|"0,77"|"21.500"|""|430000|28|"FC Augsburg"|"Vogt"|0
"Volland"|"1899 Hoffenheim"|"Sturm"|"4.750.000"|"34 (33)"|6|46|"1,39"|"103.261"|""|4750000|34|"1899 Hoffenheim"|"Volland"|0
"Vukcevic"|"1899 Hoffenheim"|"Mittelfeld"|"200.000"|"5 (5)"|1|10|"2,00"|"20.000"|""|2e+05|5|"1899 Hoffenheim"|"Vukcevic"|0
"Wagner"|"Hertha BSC"|"Sturm"|"1.380.000"|"0 (0)"|0|0|"0,00"|"-"|""|1380000|0|"Hertha BSC"|"Wagner"|0
"Washausen"|"Eintracht Braunschweig"|"Abwehr"|"160.000"|"0 (0)"|0|0|"0,00"|"-"|""|160000|0|"Eintracht Braunschweig"|"Washausen"|0
"Weidenfeller"|"Borussia Dortmund"|"Torwart"|"2.300.000"|"31 (31)"|0|108|"3,48"|"21.296"|""|2300000|31|"Borussia Dortmund"|"Weidenfeller"|0
"Weihrauch"|"FC Bayern München"|"Sturm"|"1.000.000"|"0 (0)"|0|0|"0,00"|"-"|""|1e+06|0|"FC Bayern München"|"Weihrauch"|0
"Weis"|"FC Bayern München"|"Mittelfeld"|"540.000"|"18 (18)"|2|22|"1,22"|"24.545"|""|540000|18|"FC Bayern München"|"Weis"|0
"Wendt"|"Borussia M'gladbach"|"Abwehr"|"660.000"|"21 (21)"|1|23|"1,10"|"28.696"|""|660000|21|"Borussia M'gladbach"|"Wendt"|0
"Werner"|"FC Augsburg"|"Mittelfeld"|"1.500.000"|"30 (30)"|5|62|"2,07"|"24.194"|""|1500000|30|"FC Augsburg"|"Werner"|1
"Westermann"|"Hamburger SV"|"Abwehr"|"3.540.000"|"34 (34)"|3|79|"2,32"|"44.810"|""|3540000|34|"Hamburger SV"|"Westermann"|0
"Wetklo"|"1. FSV Mainz 05"|"Torwart"|"770.000"|"31 (31)"|0|66|"2,13"|"11.667"|""|770000|31|"1. FSV Mainz 05"|"Wetklo"|0
"Wiedwald"|"Eintracht Frankfurt"|"Torwart"|"230.000"|"0 (0)"|0|0|"0,00"|"-"|""|230000|0|"Eintracht Frankfurt"|"Wiedwald"|0
"Wiese"|"1899 Hoffenheim"|"Torwart"|"220.000"|"10 (10)"|0|10|"1,00"|"22.000"|""|220000|10|"1899 Hoffenheim"|"Wiese"|0
"Wille"|"Eintracht Frankfurt"|"Abwehr"|"190.000"|"0 (0)"|0|0|"0,00"|"-"|""|190000|0|"Eintracht Frankfurt"|"Wille"|0
"Wollscheid"|"Bayer 04 Leverkusen"|"Abwehr"|"4.330.000"|"31 (31)"|2|78|"2,52"|"55.513"|""|4330000|31|"Bayer 04 Leverkusen"|"Wollscheid"|0
"Wurtz"|"SV Werder Bremen"|"Sturm"|"240.000"|"2 (1)"|0|0|"0,00"|"-"|""|240000|2|"SV Werder Bremen"|"Wurtz"|0
"Xhaka"|"Borussia M'gladbach"|"Mittelfeld"|"3.340.000"|"22 (18)"|1|0|"0,00"|"-"|""|3340000|22|"Borussia M'gladbach"|"Xhaka"|0
"Y. Schulze"|"Hannover 96"|"Abwehr"|"160.000"|"0 (0)"|0|0|"0,00"|"-"|""|160000|0|"Hannover 96"|"Y.+Schulze"|0
"Ya Konan"|"Hannover 96"|"Sturm"|"2.930.000"|"28 (27)"|7|53|"1,96"|"55.283"|""|2930000|28|"Hannover 96"|"Ya+Konan"|0
"Yelldell"|"Bayer 04 Leverkusen"|"Torwart"|"160.000"|"0 (0)"|0|0|"0,00"|"-"|""|160000|0|"Bayer 04 Leverkusen"|"Yelldell"|0
"Yildirim"|"SV Werder Bremen"|"Mittelfeld"|"850.000"|"8 (5)"|0|-2|"-0,40"|"-"|""|850000|8|"SV Werder Bremen"|"Yildirim"|0
"Younes"|"Borussia M'gladbach"|"Sturm"|"1.380.000"|"11 (7)"|1|12|"1,71"|"115.000"|""|1380000|11|"Borussia M'gladbach"|"Younes"|0
"Zambrano"|"Eintracht Frankfurt"|"Abwehr"|"2.240.000"|"30 (30)"|0|48|"1,60"|"46.667"|""|2240000|30|"Eintracht Frankfurt"|"Zambrano"|0
"Zenga"|"Bayer 04 Leverkusen"|"Mittelfeld"|"160.000"|"0 (0)"|0|0|"0,00"|"-"|""|160000|0|"Bayer 04 Leverkusen"|"Zenga"|0
"Zieler"|"Hannover 96"|"Torwart"|"2.540.000"|"34 (34)"|0|114|"3,35"|"22.281"|""|2540000|34|"Hannover 96"|"Zieler"|0
"Zimling"|"1. FSV Mainz 05"|"Mittelfeld"|"900.000"|"13 (12)"|1|22|"1,83"|"40.909"|""|9e+05|13|"1. FSV Mainz 05"|"Zimling"|0
"Zoua"|"Hamburger SV"|"Sturm"|"3.350.000"|"0 (0)"|0|0|"0,00"|"-"|""|3350000|0|"Hamburger SV"|"Zoua"|0
"Zuck"|"SC Freiburg"|"Mittelfeld"|"330.000"|"0 (0)"|0|0|"0,00"|"-"|""|330000|0|"SC Freiburg"|"Zuck"|0
